Trt;Cq;delta_cq;DNA_copy;DNA_log10;rep_bio;ID;conservation_t;qPCR_mix;Date_stdcurve;Site
FR;29.61;;8254;3.9166644645414;1;TEM1;0;GMM;25/11/2020;
FR;28.65;;15252;4.18332679660163;2;TEM2;0;GMM;25/11/2020;
FR;29.41;;9380;3.97220283837906;1;TEM1;0;GMM;25/11/2020;
FR;29.22;;10593;4.02501897228276;3;TEM3;0;GMM;25/11/2020;
FR;28.95;;12589;4.09999123354468;2;TEM2;0;GMM;25/11/2020;
FR;29.68;;7893;3.89724210280537;1;TEM1;0;GMM;25/11/2020;
FR;29.13;;11220;4.04999285692014;2;TEM2;0;GMM;25/11/2020;
FR;30.2;;5659;3.75273969393533;3;TEM3;0;GMM;25/11/2020;
FR;29.79;;7356;3.86664172056604;3;TEM3;0;GMM;25/11/2020;
GF;27.02;;172415.4934;5.23657628930652;1;FG_1;;GMM;29/07/2020;
NY;27.31;;144374.2141;5.15948963316375;1;NY_1;;GMM;29/07/2020;
FNC1;No Cq;;1;0;NA;neg1_FFG;;GMM;29/07/2020;
PES;28.86;;55908.10183;4.74747474751264;2;PES_2;;GMM;29/07/2020;
SNC1;No Cq;;1;0;NA;neg1_FG;;GMM;29/07/2020;
SNC1;No Cq;;1;0;NA;neg1_PES;;GMM;29/07/2020;
GF;26.37;;256659.1343;5.4093567250764;3;FG_3;;GMM;29/07/2020;
GF;26.79;;198478.7344;5.29771398199345;2;FG_2;;GMM;29/07/2020;
SNC1;No Cq;;1;0;NA;neg1_PES;;GMM;29/07/2020;
NY;27.47;;130905.8528;5.11695906428888;1;NY_1;;GMM;29/07/2020;
ST;26.09;;304638.8033;5.4837852206867;1;ST_1;;GMM;29/07/2020;
GF;26.58;;225701.972;5.35353535360579;1;FG_1;;GMM;29/07/2020;
NY;26.5;;237028.5381;5.37480063796459;3;NY_3;;GMM;29/07/2020;
ST;26.36;;258234.8701;5.41201488575964;3;ST_3;;GMM;29/07/2020;
FNC1;40.08;;58.21281582;1.76501860711019;NA;neg1_FFG;;GMM;29/07/2020;
NY;26.43;;247404.5952;5.39340776179055;3;NY_3;;GMM;29/07/2020;
SNC1;No Cq;;1;0;NA;neg1_FG;;GMM;29/07/2020;
PES;28.47;;70981.14636;4.85114300901273;1;PES_1;;GMM;29/07/2020;
SNC1;No Cq;;1;0;NA;neg1_FG;;GMM;29/07/2020;
NY;27.04;;170317.7723;5.23125996803956;1;NY_1;;GMM;29/07/2020;
ST;26.39;;253536.4494;5.40404040404552;1;ST_1;;GMM;29/07/2020;
PES;28.79;;58355.51032;4.76608187132534;2;PES_2;;GMM;29/07/2020;
GF;26.88;;187841.0629;5.27379053703291;2;FG_2;;GMM;29/07/2020;
GF;26.53;;232715.9533;5.36682615635365;2;FG_2;;GMM;29/07/2020;
NY;26.16;;291862.3646;5.46517809669981;3;NY_3;;GMM;29/07/2020;
FNC1;No Cq;;1;0;NA;neg1_FNY;;GMM;29/07/2020;
ST;25.96;;329868.8511;5.51834130786402;1;ST_1;;GMM;29/07/2020;
FNC1;No Cq;;1;0;NA;neg1_FPES;;GMM;29/07/2020;
SNC1;No Cq;;1;0;NA;neg1_Ny;;GMM;29/07/2020;
PES;28.5;;69689.68915;4.84316852735903;1;PES_1;;GMM;29/07/2020;
NY;26.54;;231295.9326;5.36416799565472;2;NY_2;;GMM;29/07/2020;
GF;26.38;;255093.0137;5.40669856463454;3;FG_3;;GMM;29/07/2020;
FNC1;No Cq;;1;0;NA;neg1_FPES;;GMM;29/07/2020;
FNC1;No Cq;;1;0;NA;neg1_FFG;;GMM;29/07/2020;
SNC1;No Cq;;1;0;NA;neg1_Ny;;GMM;29/07/2020;
GF;27.08;;166198.5865;5.22062732583882;1;FG_1;;GMM;29/07/2020;
NY;26.47;;241421.0418;5.38277511969413;2;NY_2;;GMM;29/07/2020;
GF;26.17;;290081.4357;5.46251993621036;3;FG_3;;GMM;29/07/2020;
PES;28.79;;58355.51032;4.76608187132534;2;PES_2;;GMM;29/07/2020;
FNC1;No Cq;;1;0;NA;neg1_FNY;;GMM;29/07/2020;
ST;26.71;;208439.137;5.31897926639017;3;ST_3;;GMM;29/07/2020;
NY;26.24;;277915.5277;5.44391281236224;2;NY_2;;GMM;29/07/2020;
PES;28.59;;65954.59873;4.81924508242117;1;PES_1;;GMM;29/07/2020;
ST;26.6;;222955.9324;5.34821903252464;2;ST_2;;GMM;29/07/2020;
PES;27.68;;115116.5307;5.06113769266804;3;PES_3;;GMM;29/07/2020;
SNC1;No Cq;;1;0;NA;neg1_Ny;;GMM;29/07/2020;
ST;26.6;;222955.9324;5.34821903252464;3;ST_3;;GMM;29/07/2020;
PES;27.95;;97581.47036;4.98936735778551;3;PES_3;;GMM;29/07/2020;
FNC1;No Cq;;1;0;NA;neg1_FNY;;GMM;29/07/2020;
PES;27.22;;152550.3043;5.18341307828901;3;PES_3;;GMM;29/07/2020;
SNC1;No Cq;;1;0;NA;neg1_ST;;GMM;29/07/2020;
FNC1;No Cq;;1;0;NA;neg1_FST;;GMM;29/07/2020;
ST;26.95;;179963.0782;5.25518341299898;2;ST_2;;GMM;29/07/2020;
FNC1;No Cq;;1;0;NA;Neg1_FST;;GMM;29/07/2020;
SNC1;No Cq;;1;0;NA;neg1_ST;;GMM;29/07/2020;
SNC1;No Cq;;1;0;NA;neg1_PES;;GMM;29/07/2020;
SNC1;No Cq;;1;0;NA;neg1_ST;;GMM;29/07/2020;
FNC1;No Cq;;1;0;NA;neg1_FST;;GMM;29/07/2020;
FNC1;No Cq;;1;0;NA;neg1_FPES;;GMM;29/07/2020;
ST;26.78;;199697.2767;5.30037214237583;2;ST_2;;GMM;29/07/2020;
ENC1;No Cq;;1;0;NA;neg1_E;;GMM;29/07/2020;
ENC1;No Cq;;1;0;NA;neg1_E;;GMM;29/07/2020;
ENC1;No Cq;;1;0;NA;neg1_E;;GMM;29/07/2020;
QNC1;No Cq;;1;0;;neg1_q;;GMM;29/07/2020;
FNC1;40.06;;59.05770903;1.77127659577963;NA;neg2_F1;0;GMM;29/07/2020;
BT;29.7;;33619.84793;4.526595744698;1;DN1;;GMM;29/07/2020;
PW;30.73;;17892.02822;4.25265957448724;1;PW1;;GMM;29/07/2020;
BT;30.61;;19256.37204;4.28457446807286;1;DN1;;GMM;29/07/2020;
ENC3;37.02;;380.0031827;2.57978723404644;NA;neg3_E3;;GMM;29/07/2020;
QNC3;No Cq;;1;0;;neg3_q;;GMM;29/07/2020;
QNC3;34.36;;1937.465789;3.28723404264689;;neg3_q;;GMM;29/07/2020;
BTT;29.36;;41401.99576;4.61702127654757;2;DNT_2;;GMM;29/07/2020;
SNC3;No Cq;;1;0;NA;neg3_DNT;0;GMM;25/11/2020;
SNC0;34.73;;1544.648928;3.18882978734805;NA;neg2_TEM;;GMM;29/07/2020;
ENC3;33.89;;2583.652153;3.41223404252675;NA;neg3_E1;;GMM;29/07/2020;
SNC0;No Cq;;1;0;NA;neg2_TEM;;GMM;29/07/2020;
ENC3;No Cq;;1;0;NA;neg3_E1;;GMM;29/07/2020;
PW;31.82;;9178.378377;3.9627659574397;1;PW1;;GMM;29/07/2020;
FNC1;38.44;;159.2676821;2.2021276596081;NA;neg2_F1;0;GMM;29/07/2020;
PW;32.18;;7362.43166;3.86702127657986;2;PW2;;GMM;29/07/2020;
ENC3;37.94;;216.3248359;2.33510638293947;NA;neg3_E3;;GMM;29/07/2020;
BTZ;29.79;;31817.02539;4.50265957452189;1;DNZ_1;;GMM;29/07/2020;
BTT;29.42;;39908.35528;4.60106382982514;2;DNT_2;;GMM;29/07/2020;
BTZ;30.41;;21765.36514;4.33776595736325;2;DNZ_2;;GMM;29/07/2020;
BTT;29.59;;35962.59845;4.55585106380998;3;DNT_3;;GMM;29/07/2020;
BT;29.81;;31429.71374;4.49734042550678;1;DN1;;GMM;29/07/2020;
BT;31.19;;13499.54556;4.13031914893158;2;DN2;;GMM;29/07/2020;
ENC0;36.21;;624.0404854;2.79521276598925;NA;neg2_E1;;GMM;29/07/2020;
BTZ;30.14;;25678.78482;4.40957446805509;2;DNZ_2;;GMM;29/07/2020;
ENC0;33.79;;2746.817384;3.43882978728463;NA;neg2_E1;;GMM;29/07/2020;
PW;32.66;;5487.337876;3.73936170216158;1;PW1;;GMM;29/07/2020;
BT;30.82;;16932.59045;4.22872340418574;3;DN3;;GMM;29/07/2020;
BT;30.62;;19138.80835;4.28191489356984;2;DN2;;GMM;29/07/2020;
SNC3;38.68;;137.4984721;2.13829787225919;NA;neg3_DNT;0;GMM;25/11/2020;
PW;31.75;;9580.385367;3.98138297874405;2;PW2;;GMM;29/07/2020;
ENC3;No Cq;;1;0;NA;neg3_E1;;GMM;29/07/2020;
BTZ;30.9;;16123.03544;4.20744680860681;1;DNZ_1;;GMM;29/07/2020;
SNC3;38.91;;119.4339125;2.07712765946049;NA;neg3_Pw;0;GMM;25/11/2020;
SNC0;38.24;;180.0193333;2.25531914896233;NA;neg2_TEM;;GMM;29/07/2020;
BTZ;30.02;;27636.9022;4.44148936168178;2;DNZ_2;;GMM;29/07/2020;
PW;32.8;;5036.486331;3.70212765961532;3;PW3;;GMM;29/07/2020;
BTZ;30.17;;25211.32928;4.40159574467484;3;DNZ_3;;GMM;29/07/2020;
ENC0;36.12;;659.3999899;2.81914893615507;NA;neg2_E1;;GMM;29/07/2020;
BTT;29.56;;36629.39851;4.56382978718945;1;DNT_1;;GMM;29/07/2020;
BTT;29.81;;31429.71374;4.49734042550678;3;DNT_3;;GMM;29/07/2020;
SNC3;38.01;;207.2475292;2.31648936160493;NA;neg3_Pw;0;GMM;25/11/2020;
BTZ;30.09;;26477.21734;4.42287234038303;3;DNZ_3;;GMM;29/07/2020;
FNC1;38.7;;135.8246903;2.13297872345246;NA;neg2_F1;0;GMM;29/07/2020;
BTT;29.3;;42951.53838;4.63297872341709;2;DNT_2;;GMM;29/07/2020;
PWZ;31.78;;9405.984426;3.97340425532566;1;PWZ_1;;GMM;29/07/2020;
PW;31.38;;12016.75575;4.07978723388558;2;PW2;;GMM;29/07/2020;
PWZ;32.23;;7140.414188;3.85372340426157;1;PWZ_1;;GMM;29/07/2020;
PWZ;31.61;;10437.99348;4.01861702124133;2;PWZ_2;;GMM;29/07/2020;
BT;30.71;;18112.51355;4.25797872337574;2;DN2;;GMM;29/07/2020;
BTZ;29.72;;33210.59036;4.52127659579747;3;DNZ_3;;GMM;29/07/2020;
SNC3;37.69;;252.1132928;2.40159574467484;NA;neg3_DNT;0;GMM;25/11/2020;
PW;32.63;;5589.081281;3.74734042552807;3;PW3;;GMM;29/07/2020;
BT;31.76;;9521.895354;3.97872340425148;3;DN3;;GMM;29/07/2020;
BTZ;31.28;;12775.64921;4.10638297856461;1;DNZ_1;;GMM;29/07/2020;
BTT;29.81;;31429.71374;4.49734042550678;3;DNT_3;;GMM;29/07/2020;
PWZ;31.99;;8270.908027;3.91755319147125;2;PWZ_2;;GMM;29/07/2020;
BTT;29.55;;36854.4014;4.56648936165466;1;DNT_1;;GMM;29/07/2020;
ENC3;35.61;;901.1295555;2.95478723403559;NA;neg3_E3;;GMM;29/07/2020;
SNC3;No Cq;;1;0;NA;neg3_Pw;0;GMM;25/11/2020;
BTT;30.27;;23713.73706;4.37500000006196;1;DNT_1;;GMM;29/07/2020;
BT;31;;15165.30202;4.18085106379362;3;DN3;;GMM;29/07/2020;
PWZ;31.45;;11512.5151;4.06117021283291;2;PWZ_2;;GMM;29/07/2020;
PW;32.34;;6675.258449;3.82446808513798;3;PW3;;GMM;29/07/2020;
PWZ;32.02;;8120.344758;3.90957446807351;1;PWZ_1;;GMM;29/07/2020;
PWZ;35.28;;1102.943312;3.04255319157142;3;PWZ_3;;GMM;29/07/2020;
PWZ;35.05;;1269.765153;3.10372340427285;3;PWZ_3;;GMM;29/07/2020;
PWZ;34.98;;1325.380039;3.12234042557496;3;PWZ_3;;GMM;29/07/2020;
BT;27.79;;354501.6987;5.54961832057485;1;DN1;;EMM;05/10/2020;
SNC6;No Cq;;1;0;NA;neg3_DN;;EMM;05/10/2020;
BTZ;27.81;;350371.895;5.54452926206241;1;DNZ_1;;EMM;05/10/2020;
ENC6;No Cq;;1;0;NA;neg2_E1;;EMM;05/10/2020;
ENC6;No Cq;;1;0;NA;neg3_E1;;EMM;05/10/2020;
PWZ;29.73;;113757.3964;5.05597964367004;3;PWZ_3;;EMM;05/10/2020;
FNC6;No Cq;;1;0;NA;neg3_F;;EMM;05/10/2020;
ENC6;37.16;;1463.505645;3.16539440192364;Na;neg3_E1;;EMM;05/10/2020;
PW;28.73;;204377.2588;5.31043256990139;1;PW1;;EMM;05/10/2020;
BTZ;27.91;;330433.4231;5.51908396944059;1;DNZ_1;;EMM;05/10/2020;
PW;28.94;;180716.3538;5.25699745551459;3;PW3;;EMM;05/10/2020;
SNC6;44.48;;20.08163098;1.30279898222045;NA;neg3_Pw;;EMM;05/10/2020;
BT;27.69;;375892.4591;5.57506361327937;3;DN3;;EMM;05/10/2020;
ENC6;No Cq;;1;0;NA;neg3_E3;;EMM;05/10/2020;
PW;29.52;;128651.4716;5.1094147583202;1;PW1;;EMM;05/10/2020;
BTT;27.57;;403271.9028;5.6055979644227;2;DNT_2;;EMM;05/10/2020;
BTT;27.73;;367185.4775;5.56488549615029;3;DNT_3;;EMM;05/10/2020;
SNC6;No Cq;;1;0;NA;neg3_DN;;EMM;05/10/2020;
BTZ;27.7;;373696.5462;5.57251908400641;3;DNZ_3;;EMM;05/10/2020;
BTZ;28.06;;302632.8241;5.48091603060189;3;DNZ_3;;EMM;05/10/2020;
ENC6;No Cq;;1;0;NA;neg2_E1;;EMM;05/10/2020;
FNC6;No Cq;;1;0;NA;neg3_F;;EMM;05/10/2020;
BTT;27.92;;328503.0758;5.51653944024805;2;DNT_2;;EMM;05/10/2020;
PW;29.56;;125671.4544;5.09923664121472;2;PW2;;EMM;05/10/2020;
BTZ;27.82;;348325.0698;5.54198473281019;2;DNZ_2;;EMM;05/10/2020;
ENC6;No Cq;;1;0;NA;neg2_E1;;EMM;05/10/2020;
BT;27.56;;405641.6061;5.60814249359584;2;DN2;;EMM;05/10/2020;
PWZ;29.38;;139649.1086;5.1450381678828;3;PWZ_3;;EMM;05/10/2020;
BTT;29.07;;167462.8874;5.22391857505498;1;DNT_1;;EMM;05/10/2020;
BTT;27.04;;550120.7359;5.74045801527738;2;DNT_2;;EMM;05/10/2020;
SNC6;No Cq;;1;0;NA;neg3_DNT;;EMM;05/10/2020;
PWZ;29.63;;120621.5587;5.08142493622609;1;PWZ_1;;EMM;05/10/2020;
SNC6;27.75;;362907.9128;5.55979643760786;NA;neg3_DN;;EMM;05/10/2020;
SNC6;No Cq;;1;0;NA;neg3_DNT;;EMM;05/10/2020;
SNC6;No Cq;;1;0;NA;neg3_Pw;;EMM;05/10/2020;
PWZ;30.01;;96545.67526;4.98473282443562;1;PWZ_1;;EMM;05/10/2020;
PW;29.88;;104186.5614;5.01781170470046;1;PW1;;EMM;05/10/2020;
SNC6;29.75;;112432.168;5.05089058513133;NA;neg3_Pw;;EMM;05/10/2020;
ENC6;No Cq;;1;0;NA;neg3_E3;;EMM;05/10/2020;
BTT;No Cq;;1;0;3;DNT_3;;EMM;05/10/2020;
BTZ;28.65;;214184.8774;5.33078880406081;2;DNZ_2;;EMM;05/10/2020;
PW;28.18;;282086.0954;5.45038167942059;2;PW2;;EMM;05/10/2020;
PWZ;29.02;;172441.2734;5.23664122125997;3;PWZ_3;;EMM;05/10/2020;
BTT;29.97;;98835.0398;4.99491094148982;3;DNT_3;;EMM;05/10/2020;
PW;28.61;;219263.7922;5.34096692102536;2;PW2;;EMM;05/10/2020;
ENC6;28.49;;235234.6385;5.37150127234367;NA;neg3_E1;;EMM;05/10/2020;
BT;30.69;;64819.37432;4.81170483461531;1;DN1;;EMM;05/10/2020;
BTZ;28.4;;247971.6522;5.39440203567786;2;DNZ_2;;EMM;05/10/2020;
QNC6;No Cq;;1;0;;neg6_q;;EMM;05/10/2020;
BTZ;27.41;;442904.8465;5.64631043259158;1;DNZ_1;;EMM;05/10/2020;
PWZ;29.67;;117827.5424;5.07124681943425;2;PWZ_2;;EMM;05/10/2020;
PWZ;29.17;;157933.1445;5.19847328240163;2;PWZ_2;;EMM;05/10/2020;
FNC6;No Cq;;1;0;NA;neg3_F;;EMM;05/10/2020;
PW;29.92;;101773.237;5.00763358790918;3;PW3;;EMM;05/10/2020;
BTT;27.76;;360787.8539;5.55725190837933;1;DNT_1;;EMM;05/10/2020;
PW;28.51;;232494.2485;5.36641221367497;3;PW3;;EMM;05/10/2020;
PWZ;29.33;;143800.6385;5.15776081439465;1;PWZ_1;;EMM;05/10/2020;
PWZ;28.87;;188282.155;5.27480916041878;2;PWZ_2;;EMM;05/10/2020;
BTZ;27.98;;317155.5127;5.50127226457278;3;DNZ_3;;EMM;05/10/2020;
BTT;25.72;;1192163.656;6.07633587790342;1;DNT_1;;EMM;05/10/2020;
SNC6;No Cq;;1;0;NA;neg3_DNT;;EMM;05/10/2020;
ENC6;No Cq;;1;0;NA;neg3_E;;EMM;05/10/2020;
QNC6;No Cq;;1;0;;neg6_q;;EMM;05/10/2020;
BO;33.94;;54101.01017;4.73320537429624;3;BO9;7;GMM;19/10/2020;
SP;34.31;;45939.69418;4.66218809977541;1;SM7;7;GMM;19/10/2020;
SI;33.35;;70218.11008;4.84644913625333;2;SI8;7;GMM;19/10/2020;
SNC2;No Cq;;1;0;NA;neg2_SI90;7;GMM;25/11/2020;
BO;34.53;;41683.25376;4.61996161227946;2;BO8;7;GMM;19/10/2020;
SNC2;No Cq;;1;0;NA;neg2_SM90;7;GMM;25/11/2020;
ET;33.84;;56545.65411;4.75239923227521;3;ET9;7;GMM;19/10/2020;
ENC2;No Cq;;1;0;NA;neg2_E4;7;GMM;19/10/2020;
CONTROL;32.55;;100000;5;2;TEM2;0;GMM;19/10/2020;
SNC2;No Cq;;1;0;NA;neg2_SI90;7;GMM;25/11/2020;
FI;33.94;;54101.01017;4.73320537429624;3;FI9;7;GMM;19/10/2020;
SI;33.55;;64277.86162;4.80806142033023;3;SI9;7;GMM;19/10/2020;
FI;32.96;;83426.72252;4.92130518234161;1;FI7;7;GMM;19/10/2020;
FNC2;No Cq;;1;0;NA;neg2_F4;7;GMM;19/10/2020;
SP;35.38;;28629.50371;4.45681381962912;3;SM9;7;GMM;19/10/2020;
FI;33.91;;54823.09273;4.73896353170853;3;FI9;7;GMM;19/10/2020;
SI;34.36;;44935.66476;4.65259117085061;1;SI7;7;GMM;19/10/2020;
ENC2;No Cq;;1;0;NA;neg2_E4;7;GMM;19/10/2020;
CONTROL;32.31;;111189.8794;5.04606525918165;2;TEM2;0;GMM;19/10/2020;
SP;34.78;;37323.03632;4.5719769674266;1;SM7;7;GMM;19/10/2020;
SI;33.1;;78421.25374;4.8944337811931;2;SI8;7;GMM;19/10/2020;
ET;32.81;;89144.79063;4.95009596930893;2;ET8;7;GMM;19/10/2020;
ET;32.88;;86429.15534;4.93666026872182;2;ET8;7;GMM;19/10/2020;
SI;34.27;;46759.04612;4.66986564301491;1;SI7;7;GMM;19/10/2020;
SI;35.08;;32688.5302;4.51439539349624;3;SI9;7;GMM;19/10/2020;
SNC2;No Cq;;1;0;NA;neg2_BO90;7;GMM;25/11/2020;
ET;33.87;;55800.88345;4.74664107482329;1;ET7;7;GMM;19/10/2020;
QNC2;No Cq;;1;0;;neg2_q;7;GMM;19/10/2020;
CONTROL;32.46;;104057.7598;5.01727447198313;2;TEM2;0;GMM;19/10/2020;
SNC2;No Cq;;1;0;NA;neg2_FI90;7;GMM;25/11/2020;
FI;32.59;;98247.71461;4.99232245682039;2;FI8;7;GMM;19/10/2020;
BO;33.59;;63151.53004;4.80038387713805;1;BO7;7;GMM;19/10/2020;
SNC2;No Cq;;1;0;NA;neg2_FI90;7;GMM;25/11/2020;
SP;35.18;;31275.30369;4.49520153547979;3;SM9;7;GMM;19/10/2020;
SNC2;No Cq;;1;0;NA;neg2_SM90;7;GMM;25/11/2020;
SNC2;No Cq;;1;0;NA;neg2_FI90;7;GMM;25/11/2020;
ENC2;No Cq;;1;0;NA;neg2_E4;7;GMM;19/10/2020;
CONTROL;33.23;;74042.61795;4.86948176584989;3;TEM3;0;GMM;19/10/2020;
BO;33.31;;71470.47681;4.85412667947435;3;BO9;7;GMM;19/10/2020;
SP;35.05;;33124.82182;4.52015355086037;1;SM7;7;GMM;19/10/2020;
SNC2;No Cq;;1;0;NA;neg2_ET90;7;GMM;25/11/2020;
SP;34.74;;37988.70688;4.5796545106003;2;SM8;7;GMM;19/10/2020;
FI;33.88;;55554.81287;4.74472168906159;2;FI8;7;GMM;19/10/2020;
SNC2;No Cq;;1;0;NA;neg2_SI90;7;GMM;25/11/2020;
ET;34.27;;46759.04612;4.66986564301491;3;ET9;7;GMM;19/10/2020;
FI;34.39;;44343.81089;4.64683301348255;1;FI7;7;GMM;19/10/2020;
FNC2;No Cq;;1;0;NA;neg2_F4;7;GMM;19/10/2020;
CONTROL;33.49;;66005.13674;4.8195777351029;3;TEM3;0;GMM;19/10/2020;
FI;33.68;;60688.91944;4.7831094049905;3;FI9;7;GMM;19/10/2020;
BO;35;;33864.95321;4.52975047989357;1;BO7;7;GMM;19/10/2020;
SNC2;No Cq;;1;0;NA;neg2_BO90;7;GMM;25/11/2020;
FI;33.49;;66005.13674;4.8195777351029;1;FI7;7;GMM;19/10/2020;
ET;33.51;;65424.28175;4.81573896350567;2;ET8;7;GMM;19/10/2020;
SNC2;No Cq;;1;0;NA;neg2_BO90;7;GMM;25/11/2020;
FNC2;No Cq;;1;0;NA;neg2_F4;7;GMM;19/10/2020;
SNC2;No Cq;;1;0;NA;neg2_SM90;7;GMM;25/11/2020;
CONTROL;33.01;;81603.39988;4.91170825334165;1;TEM1;0;GMM;19/10/2020;
CONTROL;33.04;;80528.59019;4.90595009598721;3;TEM3;0;GMM;19/10/2020;
ET;33.52;;65135.77393;4.81381957771028;1;ET7;7;GMM;19/10/2020;
SNC2;No Cq;;1;0;NA;neg2_ET90;7;GMM;25/11/2020;
SI;32.86;;87196.49744;4.94049904028771;3;SI9;7;GMM;19/10/2020;
SP;33.79;;57809.09376;4.76199616124302;2;SM8;7;GMM;19/10/2020;
BO;33.61;;62595.78722;4.79654510559585;2;BO8;7;GMM;19/10/2020;
ET;32.62;;96953.68033;4.98656429940414;3;ET9;7;GMM;19/10/2020;
FI;33.1;;78421.25374;4.8944337811931;2;FI8;7;GMM;19/10/2020;
BO;33.85;;56296.29923;4.75047984641767;2;BO8;7;GMM;19/10/2020;
CONTROL;32.66;;95254.77516;4.97888675624956;1;TEM1;0;GMM;19/10/2020;
SI;32.98;;82692.55499;4.91746641073382;2;SI8;7;GMM;19/10/2020;
BO;32.62;;96953.68033;4.98656429940414;3;BO9;7;GMM;19/10/2020;
SP;33.7;;60154.84795;4.77927063338977;2;SM8;7;GMM;19/10/2020;
BO;33.67;;60957.73068;4.78502879082009;1;BO7;7;GMM;19/10/2020;
SP;34.18;;48656.41591;4.68714011512014;3;SM9;7;GMM;19/10/2020;
SI;33.41;;68380.58651;4.83493282148199;1;SI7;7;GMM;19/10/2020;
ET;32.71;;93172.94595;4.96928982726528;1;ET7;7;GMM;19/10/2020;
SNC2;No Cq;;1;0;NA;neg2_ET90;7;GMM;25/11/2020;
CONTROL;32.02;;126394.2878;5.10172744710304;1;TEM1;0;GMM;19/10/2020;
SNC2;No Cq;;1;0;NA;neg2_SM30;30;GMM;25/11/2020;
BO;37.72;;10178.35381;4.00767754332053;3;BO6;30;GMM;19/10/2020;
SNC2;No Cq;;1;0;NA;neg2_BO30;30;GMM;25/11/2020;
FI;33.98;;53153.00607;4.72552783109254;3;FI6;30;GMM;19/10/2020;
SI;36.97;;14178.53886;4.15163147783329;3;SI6;30;GMM;19/10/2020;
BO;38.12;;8529.078495;3.93090211133688;2;BO5;30;GMM;19/10/2020;
SP;39.63;;4375.97524;3.64107485602149;1;SM4;30;GMM;19/10/2020;
SI;36.98;;14116.01438;4.14971209210444;3;SI6;30;GMM;19/10/2020;
SP;39.68;;4280.336643;3.63147792706173;2;SM5;30;GMM;19/10/2020;
SNC2;No Cq;;1;0;NA;neg2_FI30;30;GMM;25/11/2020;
SNC2;No Cq;;1;0;NA;neg2_SI30;30;GMM;25/11/2020;
SP;38.98;;5832.233899;3.76583493283531;3;SM6;30;GMM;19/10/2020;
SNC2;No Cq;;1;0;NA;neg2_ET30;30;GMM;25/11/2020;
SP;38.52;;7147.047681;3.85412667947435;2;SM5;30;GMM;19/10/2020;
SI;37.23;;12639.42878;4.10172744710304;3;SI6;30;GMM;19/10/2020;
SI;37.03;;13807.50354;4.14011516324116;1;SI4;30;GMM;19/10/2020;
ET;35.92;;22551.06136;4.35316698665496;3;ET6;30;GMM;19/10/2020;
FI;34.5;;42239.59735;4.62571976962266;2;FI5;30;GMM;19/10/2020;
ENC2;No Cq;;1;0;NA;neg2_E3;30;GMM;19/10/2020;
ET;36;;21767.66776;4.33781190018387;1;ET4;30;GMM;19/10/2020;
FNC2;No Cq;;1;0;NA;neg2_F3;30;GMM;19/10/2020;
SNC2;No Cq;;1;0;NA;neg2_FI30;30;GMM;25/11/2020;
FI;33.92;;54581.334;4.73704414587692;2;FI5;30;GMM;19/10/2020;
FNC2;No Cq;;1;0;NA;neg2_F3;30;GMM;19/10/2020;
BO;37.69;;10314.20361;4.01343570044927;2;BO5;30;GMM;19/10/2020;
ET;35.37;;28756.31322;4.45873320539494;1;ET4;30;GMM;19/10/2020;
ET;36.61;;16623.76407;4.22072936660481;2;ET5;30;GMM;19/10/2020;
FI;36.82;;15150.33601;4.18042226489579;1;FI4;30;GMM;19/10/2020;
BO;37.97;;9113.66159;3.95969289825079;3;BO6;30;GMM;19/10/2020;
ET;36.48;;17606.83855;4.24568138188726;3;ET6;30;GMM;19/10/2020;
ENC2;No Cq;;1;0;NA;neg2_E3;30;GMM;19/10/2020;
SNC2;No Cq;;1;0;NA;neg2_SI30;30;GMM;25/11/2020;
SNC2;No Cq;;1;0;NA;neg2_BO30;30;GMM;25/11/2020;
FI;33.89;;55309.82741;4.74280230328924;3;FI6;30;GMM;19/10/2020;
SI;36.34;;18730.64717;4.27255278311492;2;SI5;30;GMM;19/10/2020;
BO;38.07;;8719.649744;3.94049904028771;1;BO4;30;GMM;19/10/2020;
SNC2;No Cq;;1;0;NA;neg2_ET30;30;GMM;25/11/2020;
ET;35.93;;22451.61575;4.35124760084308;2;ET5;30;GMM;19/10/2020;
SP;38.64;;6777.882721;3.83109404988596;2;SM5;30;GMM;19/10/2020;
BO;37.39;;11776.52815;4.07101727453139;1;BO4;30;GMM;19/10/2020;
FI;32.43;;105446.6118;5.02303262959277;3;FI6;30;GMM;19/10/2020;
ET;34.99;;34014.95225;4.53166986563685;1;ET4;30;GMM;19/10/2020;
SP;38.36;;7670.732752;3.88483685220845;1;SM4;30;GMM;19/10/2020;
SNC2;No Cq;;1;0;NA;neg2_SM30;30;GMM;25/11/2020;
SI;36.9;;14624.03368;4.16506717859636;1;SI4;30;GMM;19/10/2020;
BO;37.2;;12808.12639;4.10748560453029;3;BO6;30;GMM;19/10/2020;
SNC2;No Cq;;1;0;NA;neg2_BO30;30;GMM;25/11/2020;
FI;35.86;;23157.05362;4.36468330125675;1;FI4;30;GMM;19/10/2020;
SP;38.08;;8681.197857;3.93857965453048;1;SM4;30;GMM;19/10/2020;
SP;37.4;;11724.59605;4.06909788880477;3;SM6;30;GMM;19/10/2020;
FNC2;No Cq;;1;0;NA;neg2_F3;30;GMM;19/10/2020;
FI;35.62;;25748.29999;4.41074856039334;1;FI4;30;GMM;19/10/2020;
QNC2;No Cq;;1;0;;neg2_q;30;GMM;19/10/2020;
FI;33.85;;56296.29923;4.75047984641767;2;FI5;30;GMM;19/10/2020;
SP;37.76;;10000;4;3;SM6;30;GMM;19/10/2020;
SNC2;No Cq;;1;0;NA;neg2_SM30;30;GMM;25/11/2020;
SI;35.52;;26911.77966;4.42994241834947;1;SI4;30;GMM;19/10/2020;
BO;37.13;;13210.56235;4.12092130514698;1;BO4;30;GMM;19/10/2020;
ET;35.73;;24526.48527;4.38963531676691;3;ET6;30;GMM;19/10/2020;
SNC2;No Cq;;1;0;NA;neg2_ET30;30;GMM;25/11/2020;
SNC2;No Cq;;1;0;NA;neg2_SI30;30;GMM;25/11/2020;
ENC2;No Cq;;1;0;NA;neg2_E3;30;GMM;19/10/2020;
SI;36.34;;18730.64717;4.27255278311492;2;SI5;30;GMM;19/10/2020;
BO;36.79;;15352.54653;4.18618042230183;2;BO5;30;GMM;19/10/2020;
ET;34.63;;39881.15747;4.60076775434221;2;ET5;30;GMM;19/10/2020;
SI;36.39;;18321.28178;4.26295585418488;2;SI5;30;GMM;19/10/2020;
SNC2;No Cq;;1;0;NA;neg2_FI30;30;GMM;25/11/2020;
SNC2;No Cq;;1;0;NA;neg2_SM30;30;EMM;05/10/2020;
BO;31.16;;49216.63978;4.69211195932981;3;BO6;30;EMM;05/10/2020;
SNC2;No Cq;;1;0;NA;neg2_BO30;30;EMM;05/10/2020;
FI;27.99;;315302.7331;5.4987277353058;3;FI6;30;EMM;05/10/2020;
SI;30.12;;90519.67845;4.95674300255579;3;SI6;30;EMM;05/10/2020;
BO;31.35;;44031.74563;4.64376590332118;2;BO5;30;EMM;05/10/2020;
SP;32.14;;27717.11933;4.44274809159291;1;SM4;30;EMM;05/10/2020;
SI;30.16;;88422.92671;4.94656488551859;3;SI6;30;EMM;05/10/2020;
SP;32.06;;29047.20339;4.46310432568482;2;SM5;30;EMM;05/10/2020;
SNC2;No Cq;;1;0;NA;neg2_FI30;30;EMM;05/10/2020;
SNC2;No Cq;;1;0;NA;neg2_SI30;30;EMM;05/10/2020;
SP;31.83;;33237.51136;4.52162849877391;3;SM6;30;EMM;05/10/2020;
SNC2;No Cq;;1;0;NA;neg2_ET30;30;EMM;05/10/2020;
SP;31.9;;31901.91796;4.50381679385358;2;SM5;30;EMM;05/10/2020;
SI;30.3;;81459.45044;4.9109414758251;3;SI6;30;EMM;05/10/2020;
SI;29.85;;106034.0361;5.02544529279079;1;SI4;30;EMM;05/10/2020;
ET;29.29;;147210.5486;5.16793893116066;3;ET6;30;EMM;05/10/2020;
FI;27.86;;340256.6452;5.53180661571375;2;FI5;30;EMM;05/10/2020;
ENC2;No Cq;;1;0;NA;neg2_E3;0;EMM;05/10/2020;
ET;28.96;;178611.0802;5.25190839699629;1;ET4;30;EMM;05/10/2020;
FNC2;No Cq;;1;0;NA;neg2_F3;0;EMM;05/10/2020;
SNC2;No Cq;;1;0;NA;neg2_FI30;30;EMM;05/10/2020;
FI;32.07;;28877.51356;4.46055979645788;2;FI5;30;EMM;05/10/2020;
NEG2F;No Cq;;1;0;NA;neg2_F3;0;EMM;05/10/2020;
BO;30.23;;84869.80038;4.92875318068536;2;BO5;30;EMM;05/10/2020;
ET;29.04;;170432.4012;5.23155216275866;1;ET4;30;EMM;05/10/2020;
ET;29.26;;149820.9405;5.17557251902439;2;ET5;30;EMM;05/10/2020;
FI;29.35;;142125.4182;5.15267175559683;1;FI4;30;EMM;05/10/2020;
BO;30.33;;80040.14893;4.90330788805284;3;BO6;30;EMM;05/10/2020;
ET;29.27;;148945.7069;5.17302798995113;3;ET6;30;EMM;05/10/2020;
ENC2;No Cq;;1;0;NA;neg2_E3;0;EMM;05/10/2020;
SNC2;No Cq;;1;0;NA;neg2_SI30;30;EMM;05/10/2020;
SNC2;No Cq;;1;0;NA;neg2_BO30;30;EMM;05/10/2020;
FI;26.87;;607736.0695;5.78371501275006;3;FI6;30;EMM;05/10/2020;
SI;29.87;;104798.7817;5.02035623394501;2;SI5;30;EMM;05/10/2020;
BO;30.8;;60773.60695;4.78371501275006;1;BO4;30;EMM;05/10/2020;
SNC2;No Cq;;1;0;NA;neg2_ET30;30;EMM;05/10/2020;
ET;29.37;;140469.7137;5.14758269726013;2;ET5;30;EMM;05/10/2020;
SP;31.78;;34225.60588;4.53435114498752;2;SM5;30;EMM;05/10/2020;
BO;30.72;;63689.9997;4.80407124684;1;BO4;30;EMM;05/10/2020;
FI;27.14;;518815.2374;5.71501272265792;3;FI6;30;EMM;05/10/2020;
ET;28.92;;182846.4421;5.26208651407866;1;ET4;30;EMM;05/10/2020;
SP;31.84;;33043.34231;4.51908396944059;1;SM4;30;EMM;05/10/2020;
SNC2;No Cq;;1;0;NA;neg2_SM30;30;EMM;05/10/2020;
SI;29.69;;116454.8984;5.0661577608256;1;SI4;30;EMM;05/10/2020;
BO;30.39;;77275.30226;4.88804071246835;3;BO6;30;EMM;05/10/2020;
SNC2;No Cq;;1;0;NA;neg2_BO30;30;EMM;05/10/2020;
FI;29.28;;148075.5862;5.1704834605966;1;FI4;30;EMM;05/10/2020;
SP;31.76;;34629.02019;4.53944020358826;1;SM4;30;EMM;05/10/2020;
SP;30.87;;58331.52195;4.76590330792091;3;SM6;30;EMM;05/10/2020;
NEGF;No Cq;;1;0;NA;neg2_F3;0;EMM;05/10/2020;
FI;29.85;;106034.0361;5.02544529279079;1;FI4;30;EMM;05/10/2020;
QNC2;No Cq;;1;0;;neg2_q;0;EMM;05/10/2020;
FI;28.18;;282086.0954;5.45038167942059;2;FI5;30;EMM;05/10/2020;
SP;31.05;;52493.04684;4.7201017811392;3;SM6;30;EMM;05/10/2020;
SNC2;No Cq;;1;0;NA;neg2_SM30;30;EMM;05/10/2020;
SI;29.32;;144645.6387;5.16030534350022;1;SI4;30;EMM;05/10/2020;
BO;30.32;;80510.48026;4.90585241729746;1;BO4;30;EMM;05/10/2020;
ET;28.86;;189388.5372;5.27735368965438;3;ET6;30;EMM;05/10/2020;
SNC2;No Cq;;1;0;NA;neg2_ET30;30;EMM;05/10/2020;
SNC2;No Cq;;1;0;NA;neg2_SI30;30;EMM;05/10/2020;
ENC2;No Cq;;1;0;NA;neg2_E3;0;EMM;05/10/2020;
SI;29.67;;117827.5424;5.07124681943425;2;SI5;30;EMM;05/10/2020;
BO;30.4;;76823.8704;4.88549618321213;2;BO5;30;EMM;05/10/2020;
ET;28.92;;182846.4421;5.26208651407866;2;ET5;30;EMM;05/10/2020;
SI;29.24;;151586.8672;5.18066157761775;2;SI5;30;EMM;05/10/2020;
SNC2;No Cq;;1;0;NA;neg2_FI30;30;EMM;05/10/2020;
BO;25.19;;204410.0682;5.31050228312616;2;BO5;30;PAM;09/11/2020;
BO;25.21;;202272.1418;5.30593607310373;3;BO6;30;PAM;09/11/2020;
ET;24.15;;353138.6118;5.54794520545575;1;ET4;30;PAM;09/11/2020;
FI;22.26;;953788.4408;5.9794520548066;3;FI6;30;PAM;09/11/2020;
SI;24.95;;231897.8935;5.36529680363807;3;SI6;30;PAM;09/11/2020;
BO;25.65;;160501.6318;5.20547945218097;2;BO5;30;PAM;09/11/2020;
SP;26.88;;84073.19155;4.92465753422869;2;SM5;30;PAM;09/11/2020;
FI;22.16;;1005270.886;6.00228310498342;3;FI6;30;PAM;09/11/2020;
SI;24.57;;283174.9252;5.45205479446476;3;SI6;30;PAM;09/11/2020;
SP;26.24;;117699.9439;5.07077625584321;3;SM6;30;PAM;09/11/2020;
SP;26.85;;85409.63174;4.93150684932674;1;SM4;30;PAM;09/11/2020;
SP;26.74;;90494.25407;4.95662100456527;2;SM5;30;PAM;09/11/2020;
SI;24.72;;261702.7096;5.4178082192323;3;SI6;30;PAM;09/11/2020;
FI;22.97;;656676.6866;5.81735159819608;2;FI5;30;PAM;09/11/2020;
SP;26.58;;98435.25823;4.99315068493583;1;SM4;30;PAM;09/11/2020;
ET;24.28;;329810.7751;5.51826484018063;1;ET4;30;PAM;09/11/2020;
FNC2;No Cq;;1;0;NA;neg2_F3;0;PAM;09/11/2020;
SI;24.64;;272943.6905;5.43607305939411;1;SI4;30;PAM;09/11/2020;
FI;22.91;;677719.8847;5.83105022828248;2;FI5;30;PAM;09/11/2020;
ET;23.92;;398525.964;5.6004566209758;1;ET4;30;PAM;09/11/2020;
ET;24.18;;347612.9045;5.54109589047259;2;ET5;30;PAM;09/11/2020;
FI;24.56;;284667.508;5.45433789952631;1;FI4;30;PAM;09/11/2020;
BO;25.33;;189906.0553;5.27853881276993;3;BO6;30;PAM;09/11/2020;
ET;24.05;;372199.9031;5.57077625572881;3;ET6;30;PAM;09/11/2020;
ENC2;No Cq;;1;0;NA;neg2_E3;0;PAM;09/11/2020;
BO;26.03;;131438.1571;5.11872146120826;1;BO4;30;PAM;09/11/2020;
SI;24.9;;238074.1973;5.37671232872087;2;SI5;30;PAM;09/11/2020;
BO;25.66;;159660.0816;5.20319634689683;1;BO4;30;PAM;09/11/2020;
FNC2;No Cq;;1;0;NA;neg2_F3;0;PAM;09/11/2020;
ET;24.11;;360643.0984;5.55707762554459;2;ET5;30;PAM;09/11/2020;
SP;26.75;;90019.77012;4.95433789956288;2;SM5;30;PAM;09/11/2020;
BO;25.92;;139262.9583;5.14383561645869;1;BO4;30;PAM;09/11/2020;
FI;22.49;;845163.3177;5.92694063927215;3;FI6;30;PAM;09/11/2020;
ENC2;No Cq;;1;0;NA;neg2_E3;0;PAM;09/11/2020;
SI;24.84;;245703.2827;5.3904109588772;1;SI4;30;PAM;09/11/2020;
ET;24.15;;353138.6118;5.54794520545575;3;ET6;30;PAM;09/11/2020;
FNC2;No Cq;;1;0;NA;neg2_F3;0;PAM;09/11/2020;
FI;24.54;;287676.3167;5.45890410954456;1;FI4;30;PAM;09/11/2020;
SP;26.89;;83632.37483;4.9223744292124;1;SM4;30;PAM;09/11/2020;
SP;26.07;;128703.1099;5.10958904104651;3;SM6;30;PAM;09/11/2020;
FI;24.61;;277282.4447;5.44292237440562;1;FI4;30;PAM;09/11/2020;
QNC2;No Cq;;1;0;NA;neg2_q;0;PAM;09/11/2020;
FI;23.36;;534946.6871;5.72831050229789;2;FI5;30;PAM;09/11/2020;
SP;26.4;;108204.8121;5.03424657520683;3;SM6;30;PAM;09/11/2020;
SI;24.84;;245703.2827;5.3904109588772;2;SI5;30;PAM;09/11/2020;
SI;24.61;;277282.4447;5.44292237440562;1;SI4;30;PAM;09/11/2020;
BO;25.76;;151483.4881;5.18036529674679;3;BO6;30;PAM;09/11/2020;
ET;24.15;;353138.6118;5.54794520545575;3;ET6;30;PAM;09/11/2020;
ENC2;No Cq;;1;0;NA;neg2_E3;0;PAM;09/11/2020;
SI;24.95;;231897.8935;5.36529680363807;2;SI5;30;PAM;09/11/2020;
BO;25.9;;140734.9057;5.14840182645249;2;BO5;30;PAM;09/11/2020;
ET;24.17;;349445.1325;5.54337899546627;2;ET5;30;PAM;09/11/2020;
BO;25.85;;752856.7157;5.87671232878761;2;BO5;30;TPM;09/11/2020;
BO;25.82;;764824.24;5.88356164382272;3;BO6;30;TPM;09/11/2020;
ET;24.75;;1342313.263;6.12785388134405;1;ET4;30;TPM;09/11/2020;
FI;22.69;;3964363.93;6.59817351602916;3;FI6;30;TPM;09/11/2020;
SI;25.47;;919327.6444;5.96347031965099;3;SI6;30;TPM;09/11/2020;
BO;25.96;;710555.775;5.85159817350068;2;BO5;30;TPM;09/11/2020;
SP;27.2;;370248.3661;5.56849315066301;2;SM5;30;TPM;09/11/2020;
FI;22.76;;3821129.715;6.58219178083223;3;FI6;30;TPM;09/11/2020;
SI;25.26;;1026633.721;6.01141552507544;3;SI6;30;TPM;09/11/2020;
SP;26.59;;510225.9666;5.70776255710429;3;SM6;30;TPM;09/11/2020;
SP;27.42;;329810.7751;5.51826484018063;1;SM4;30;TPM;09/11/2020;
SP;27.22;;366375.9357;5.5639269406074;2;SM5;30;TPM;09/11/2020;
SI;25.28;;1015896.151;6.00684931488414;3;SI6;30;TPM;09/11/2020;
FI;23.05;;3280814.949;6.51598173514233;2;FI5;30;TPM;09/11/2020;
SP;26.59;;510225.9666;5.70776255710429;1;SM4;30;TPM;09/11/2020;
ET;24.48;;1547026.371;6.18949771685526;1;ET4;30;TPM;09/11/2020;
FNC2;No Cq;;1;0;NA;neg2_F3;0;TPM;09/11/2020;
SI;24.95;;1208347.313;6.08219178067588;1;SI4;30;TPM;09/11/2020;
FI;23.11;;3178945.666;6.5022831050906;2;FI5;30;TPM;09/11/2020;
ET;24.26;;1736704.891;6.23972602737124;1;ET4;30;TPM;09/11/2020;
ET;24.28;;1718540.682;6.23515981739206;2;ET5;30;TPM;09/11/2020;
FI;24.69;;1385327.679;6.14155251155905;1;FI4;30;TPM;09/11/2020;
BO;25.81;;768855.5415;5.88584474887445;3;BO6;30;TPM;09/11/2020;
ET;24.37;;1639124.237;6.2146118720566;3;ET6;30;TPM;09/11/2020;
ENC2;No Cq;;1;0;NA;neg2_E3;0;TPM;09/11/2020;
BO;26.1;;660137.9546;5.81963470320981;1;BO4;30;TPM;09/11/2020;
SI;24.8;;1307489.94;6.11643835603316;2;SI5;30;TPM;09/11/2020;
BO;26.24;;613297.5544;5.78767123288788;1;BO4;30;TPM;09/11/2020;
FNC2;No Cq;;1;0;NA;neg2_F3;0;TPM;09/11/2020;
ET;24.58;;1467799.268;6.16666666677849;2;ET5;30;TPM;09/11/2020;
SP;26.97;;417834.7598;5.62100456623643;2;SM5;30;TPM;09/11/2020;
BO;26.71;;479032.8504;5.68036529683472;1;BO4;30;TPM;09/11/2020;
FI;22.72;;3902331.871;6.59132420089016;3;FI6;30;TPM;09/11/2020;
ENC2;No Cq;;1;0;NA;neg2_E3;0;TPM;09/11/2020;
SI;25.23;;1042953.246;6.01826484010503;1;SI4;30;TPM;09/11/2020;
ET;24.32;;1682780.215;6.22602739723203;3;ET6;30;TPM;09/11/2020;
FNC2;No Cq;;1;0;NA;neg2_F3;0;TPM;09/11/2020;
FI;24.45;;1571618.137;6.19634703207256;1;FI4;30;TPM;09/11/2020;
SP;27.19;;372199.9031;5.57077625572881;1;SM4;30;TPM;09/11/2020;
SP;26.5;;534946.6871;5.72831050229789;3;SM6;30;TPM;09/11/2020;
FI;24.39;;1621980.625;6.21004566214034;1;FI4;30;TPM;09/11/2020;
QNC2;No Cq;;1;0;NA;neg2_q;0;TPM;09/11/2020;
FI;23.05;;3280814.949;6.51598173514233;2;FI5;30;TPM;09/11/2020;
SP;26.52;;529351.6757;5.72374429220759;3;SM6;30;TPM;09/11/2020;
SI;24.91;;1234025.69;6.09132420095258;2;SI5;30;TPM;09/11/2020;
SI;24.83;;1287031.099;6.10958904104651;1;SI4;30;TPM;09/11/2020;
BO;25.82;;764824.24;5.88356164382272;3;BO6;30;TPM;09/11/2020;
ET;24.41;;1605016.318;6.20547945218097;3;ET6;30;TPM;09/11/2020;
ENC2;No Cq;;1;0;NA;neg2_E3;0;TPM;09/11/2020;
SI;24.94;;1214716.374;6.08447488568246;2;SI5;30;TPM;09/11/2020;
BO;25.87;;744982.5817;5.87214611870801;2;BO5;30;TPM;09/11/2020;
ET;24.34;;1665180.004;6.22146118710268;2;ET5;30;TPM;09/11/2020;
BO;28.21;;669878.1421;5.82599580713843;2;BO5;30;TFM;09/11/2020;
BO;28.43;;602385.09;5.77987421383862;3;BO6;30;TFM;09/11/2020;
ET;26.56;;1485620.066;6.17190775670791;1;ET4;30;TFM;09/11/2020;
FI;24.76;;3542144.283;6.5492662474341;3;FI6;30;TFM;09/11/2020;
SI;27.48;;952874.3563;5.97903563939705;3;SI6;30;TFM;09/11/2020;
BO;28.34;;629132.5255;5.79874213834035;2;BO5;30;TFM;09/11/2020;
SP;29.68;;329472.906;5.51781970646115;2;SM5;30;TFM;09/11/2020;
FI;24.96;;3216159.111;6.50733752618337;3;FI6;30;TFM;09/11/2020;
SI;28.24;;660247.0949;5.81970649897904;3;SI6;30;TFM;09/11/2020;
SP;29.35;;386368.8421;5.58700209639345;3;SM6;30;TFM;09/11/2020;
SP;30.06;;274255.3677;5.43815513630027;1;SM4;30;TFM;09/11/2020;
SP;29.42;;373531.3385;5.57232704408093;2;SM5;30;TFM;09/11/2020;
SI;27.94;;763131.8519;5.88259958068814;3;SI6;30;TFM;09/11/2020;
FI;26.02;;1928036.734;6.2851153040593;2;FI5;30;TFM;09/11/2020;
SP;30.49;;222847.8178;5.34800838568691;1;SM4;30;TFM;09/11/2020;
ET;27.27;;1054534.51;6.02306079674249;1;ET4;30;TFM;09/11/2020;
FNC2;No Cq;;1;0;NA;neg2_F3;0;TFM;09/11/2020;
SI;28;;741346.0269;5.87002096438473;1;SI4;30;TFM;09/11/2020;
FI;25.3;;2729346.662;6.43605870013753;2;FI5;30;TFM;09/11/2020;
ET;26.89;;1266850.499;6.10272536682485;1;ET4;30;TFM;09/11/2020;
ET;27.66;;873574.1823;5.94129979036715;2;ET5;30;TFM;09/11/2020;
FI;27.65;;877801.3136;5.94339622641646;1;FI4;30;TFM;09/11/2020;
BO;28.81;;501429.2263;5.70020964364474;3;BO6;30;TFM;09/11/2020;
ET;27.3;;1039373.138;6.01677148854118;3;ET6;30;TFM;09/11/2020;
ENC2;No Cq;;1;0;NA;neg2_E3;0;TFM;09/11/2020;
BO;29.18;;419412.6348;5.62264150944184;1;BO4;30;TFM;09/11/2020;
SI;27.68;;865180.89;5.93710691823445;2;SI5;30;TFM;09/11/2020;
BO;29.03;;450908.1139;5.65408805032163;1;BO4;30;TFM;09/11/2020;
FNC2;No Cq;;1;0;NA;neg2_F3;0;TFM;09/11/2020;
ET;27.36;;1009701.199;6.00419287197604;2;ET5;30;TFM;09/11/2020;
SP;29.96;;287819.0245;5.45911949690532;2;SM5;30;TFM;09/11/2020;
BO;29.68;;329472.906;5.51781970646115;1;BO4;30;TFM;09/11/2020;
FI;25.2;;2864330.06;6.45702306076486;3;FI6;30;TFM;09/11/2020;
ENC2;No Cq;;1;0;NA;neg2_E3;0;TFM;09/11/2020;
SI;27.76;;832406.4366;5.92033542974364;1;SI4;30;TFM;09/11/2020;
ET;27.35;;1014587.035;6.00628930834218;3;ET6;30;TFM;09/11/2020;
FNC2;No Cq;;1;0;NA;neg2_F3;0;TFM;09/11/2020;
FI;27.46;;962118.3804;5.98322851152997;1;FI4;30;TFM;09/11/2020;
SP;30.21;;255098.9056;5.40670859544672;1;SM4;30;TFM;09/11/2020;
SP;29.24;;407439.2775;5.61006289304727;3;SM6;30;TFM;09/11/2020;
FI;27.27;;1054534.51;6.02306079674249;1;FI4;30;TFM;09/11/2020;
QNC2;No Cq;;1;0;NA;neg2_q;0;TFM;09/11/2020;
FI;25.33;;2690105.993;6.429769391998;2;FI5;30;TFM;09/11/2020;
SP;29.31;;393901.6869;5.59538784069691;3;SM6;30;TFM;09/11/2020;
SI;27.39;;995184.4099;5.99790356394297;2;SI5;30;TFM;09/11/2020;
SI;27.56;;916777.9324;5.96226415092321;1;SI4;30;TFM;09/11/2020;
BO;28.08;;713262.6387;5.85324947590435;3;BO6;30;TFM;09/11/2020;
ET;26.63;;1436258.806;6.15723270445386;3;ET6;30;TFM;09/11/2020;
ENC2;No Cq;;1;0;NA;neg2_E3;0;TFM;09/11/2020;
SI;27.32;;1029386.851;6.01257861643541;2;SI5;30;TFM;09/11/2020;
BO;28.4;;611172.1022;5.78616352204487;2;BO5;30;TFM;09/11/2020;
ET;26.84;;1297799.335;6.11320754728775;2;ET5;30;TFM;09/11/2020;
BO;28.79;;524529.2046;5.71976967373745;3;BO9;90;GMM;19/10/2020;
SP;30.66;;229532.6812;5.36084452976149;1;SM7;90;GMM;19/10/2020;
SI;29.16;;445402.2425;5.64875239927845;2;SI8;90;GMM;19/10/2020;
SNC2;No Cq;;1;0;NA;neg2_SI90;90;GMM;25/11/2020;
BO;29.1;;457371.0944;5.66026871396715;2;BO8;90;GMM;19/10/2020;
SNC2;No Cq;;1;0;NA;neg2_SM90;90;GMM;25/11/2020;
ET;27.75;;830588.2759;5.91938579656934;3;ET9;90;GMM;19/10/2020;
ENC2;No Cq;;1;0;NA;neg2_E4;90;GMM;19/10/2020;
SNC2;No Cq;;1;0;NA;neg2_SI90;90;GMM;25/11/2020;
FI;29.66;;357094.4574;5.55278310939391;3;FI9;90;GMM;19/10/2020;
SI;30.4;;257482.9999;5.41074856039334;3;SI9;90;GMM;19/10/2020;
FI;28.96;;486564.1591;5.68714011512014;1;FI7;90;GMM;19/10/2020;
FNC2;No Cq;;1;0;NA;neg2_F4;90;GMM;19/10/2020;
SP;31.56;;154205.4802;5.18809980807504;3;SM9;90;GMM;19/10/2020;
FI;29.65;;358676.1465;5.55470249519314;3;FI9;90;GMM;19/10/2020;
SI;28.75;;533884.3826;5.72744721688742;1;SI7;90;GMM;19/10/2020;
ENC2;No Cq;;1;0;NA;neg2_E4;90;GMM;19/10/2020;
SP;31.28;;174518.9576;5.2418426102859;1;SM7;90;GMM;19/10/2020;
SI;29.49;;384957.396;5.58541266793465;2;SI8;90;GMM;19/10/2020;
ET;28.99;;480155.5551;5.68138195774489;2;ET8;90;GMM;19/10/2020;
ET;28.97;;484418.5098;5.6852207293315;2;ET8;90;GMM;19/10/2020;
SI;28.8;;522216.1371;5.71785028791052;1;SI7;90;GMM;19/10/2020;
SI;30.5;;246351.2116;5.39155470255532;3;SI9;90;GMM;19/10/2020;
SNC2;No Cq;;1;0;NA;neg2_BO90;90;GMM;25/11/2020;
ET;28.77;;529186.1209;5.72360844531216;1;ET7;90;GMM;19/10/2020;
QNC2;No Cq;;1;0;;neg2_q;90;GMM;19/10/2020;
SNC2;No Cq;;1;0;NA;neg2_FI90;90;GMM;25/11/2020;
FI;28.57;;578090.9376;5.76199616124302;2;FI8;90;GMM;19/10/2020;
BO;28.63;;562962.9923;5.75047984641767;1;BO7;90;GMM;19/10/2020;
SNC2;No Cq;;1;0;NA;neg2_FI90;90;GMM;25/11/2020;
SP;31.62;;150170.1081;5.17658349339263;3;SM9;90;GMM;19/10/2020;
SNC2;No Cq;;1;0;NA;neg2_SM90;90;GMM;25/11/2020;
SNC2;No Cq;;1;0;NA;neg2_FI90;90;GMM;25/11/2020;
ENC2;No Cq;;1;0;NA;neg2_E4;90;GMM;19/10/2020;
BO;28.73;;538624.3568;5.73128598848259;3;BO9;90;GMM;19/10/2020;
SP;30.85;;211045.5502;5.32437619968418;1;SM7;90;GMM;19/10/2020;
SNC2;No Cq;;1;0;NA;neg2_ET90;90;GMM;25/11/2020;
SP;31.81;;138075.0354;5.14011516324116;2;SM8;90;GMM;19/10/2020;
FI;29.11;;455354.1806;5.65834932818138;2;FI8;90;GMM;19/10/2020;
SNC2;No Cq;;1;0;NA;neg2_SI90;90;GMM;25/11/2020;
ET;28.15;;696001.803;5.84261036465645;3;ET9;90;GMM;19/10/2020;
FI;28.6;;570476.8217;5.75623800385979;1;FI7;90;GMM;19/10/2020;
FNC2;No Cq;;1;0;NA;neg2_F4;90;GMM;19/10/2020;
FI;29.34;;411342.3784;5.61420345484633;3;FI9;90;GMM;19/10/2020;
BO;28.14;;699084.6245;5.8445297504651;1;BO7;90;GMM;19/10/2020;
SNC2;No Cq;;1;0;NA;neg2_BO90;90;GMM;25/11/2020;
FI;28.92;;495242.2162;5.69481765838938;1;FI7;90;GMM;19/10/2020;
ET;29.37;;405924.5309;5.60844529746803;2;ET8;90;GMM;19/10/2020;
SNC2;No Cq;;1;0;NA;neg2_BO90;90;GMM;25/11/2020;
FNC2;No Cq;;1;0;NA;neg2_F4;90;GMM;19/10/2020;
SNC2;No Cq;;1;0;NA;neg2_SM90;90;GMM;25/11/2020;
ET;28.54;;585806.6786;5.76775431863031;1;ET7;90;GMM;19/10/2020;
SNC2;No Cq;;1;0;NA;neg2_ET90;90;GMM;25/11/2020;
SI;30.69;;226509.4744;5.35508637232494;3;SI9;90;GMM;19/10/2020;
SP;30.97;;200144.4585;5.30134357007846;2;SM8;90;GMM;19/10/2020;
BO;28.92;;495242.2162;5.69481765838938;2;BO8;90;GMM;19/10/2020;
ET;28.13;;702181.1008;5.84644913625333;3;ET9;90;GMM;19/10/2020;
FI;28.17;;689876.884;5.83877159309932;2;FI8;90;GMM;19/10/2020;
BO;28.96;;486564.1591;5.68714011512014;2;BO8;90;GMM;19/10/2020;
SI;29;;478038.1665;5.67946257200675;2;SI8;90;GMM;19/10/2020;
BO;28.83;;515337.9559;5.71209213048915;3;BO9;90;GMM;19/10/2020;
SP;30.63;;232596.2385;5.36660268712544;2;SM8;90;GMM;19/10/2020;
BO;27.87;;787686.0733;5.89635316698458;1;BO7;90;GMM;19/10/2020;
SP;30.69;;226509.4744;5.35508637232494;3;SM9;90;GMM;19/10/2020;
SI;28.35;;637122.0691;5.80422264875235;1;SI7;90;GMM;19/10/2020;
ET;28.22;;674799.3632;5.82917466407883;1;ET7;90;GMM;19/10/2020;
SNC2;No Cq;;1;0;NA;neg2_ET90;90;GMM;25/11/2020;
BO;29.19;;10798;4.03334332313522;3;BO3;7;GMM;25/11/2020;
SP;30.53;;4583;3.66114985724479;1;SM1;7;GMM;25/11/2020;
SI;29.36;;9685;3.98609962505513;2;SI2;7;GMM;25/11/2020;
QNC2;No Cq;;1;0;NA;neg2_q;0;GMM;25/11/2020;
BO;30.58;;4438;3.64718729789599;2;BO2;7;GMM;25/11/2020;
CONTROL;29.61;;8254;3.9166644645414;1;TEM1;0;GMM;25/11/2020;
BO;30.05;;6229;3.79441833087414;3;BO9;90;GMM;25/11/2020;
CONTROL;28.65;;15252;4.18332679660163;2;TEM2;0;GMM;25/11/2020;
ET;29.12;;11292;4.05277086947488;2;ET5;30;GMM;25/11/2020;
SI;32.09;;1690;3.22788670461367;3;SI9;90;GMM;25/11/2020;
FI;29.93;;6726;3.82775686297862;1;FI7;90;GMM;25/11/2020;
BO;29.56;;8522;3.93054152986443;3;BO3;7;GMM;25/11/2020;
FI;29.66;;7994;3.90276414392409;3;FI3;7;GMM;25/11/2020;
SI;29.89;;6901;3.838912027406;3;SI3;7;GMM;25/11/2020;
FI;29.11;;11365;4.05556944006099;1;FI1;7;GMM;25/11/2020;
FI;29.57;;8468;3.92778084934737;3;FI3;7;GMM;25/11/2020;
SP;31.41;;2610;3.41664050733828;3;SM3;7;GMM;25/11/2020;
BO;31.14;;3102;3.49164179347759;1;BO4;30;GMM;25/11/2020;
SI;30.5;;4671;3.66940986728778;2;SI8;90;GMM;25/11/2020;
CONTROL;29.41;;9380;3.97220283837906;1;TEM1;0;GMM;25/11/2020;
CONTROL;29.22;;10593;4.02501897228276;3;TEM3;0;GMM;25/11/2020;
SP;31.96;;1836;3.26387267686522;2;SM5;30;GMM;25/11/2020;
BO;30.56;;4495;3.65272969606925;2;BO8;90;GMM;25/11/2020;
SP;30.81;;3831;3.58331215198308;1;SM1;7;GMM;25/11/2020;
SI;29.29;;10129;4.00556657113329;2;SI2;7;GMM;25/11/2020;
ET;29.25;;10391;4.0166573448222;2;ET2;7;GMM;25/11/2020;
ET;28.99;;12271;4.08887995610805;2;ET2;7;GMM;25/11/2020;
SI;30.11;;5995;3.77778918743487;1;SI1;7;GMM;25/11/2020;
SI;30.24;;5517;3.74170298395774;3;SI3;7;GMM;25/11/2020;
SP;32.17;;1605;3.20547503674089;1;SM4;30;GMM;25/11/2020;
SI;31.6;;2311;3.36379994547911;3;SI9;90;GMM;25/11/2020;
SP;31.46;;2528;3.40277706961035;2;SM5;30;GMM;25/11/2020;
SI;30.37;;5076;3.70552161342267;2;SI8;90;GMM;25/11/2020;
BO;29.67;;7943;3.89998456254939;1;BO7;90;GMM;25/11/2020;
ET;29.68;;7893;3.89724210280537;2;ET5;30;GMM;25/11/2020;
FI;29.84;;7125;3.85278486868055;1;FI1;7;GMM;25/11/2020;
FI;29.64;;8097;3.90832413927618;2;FI2;7;GMM;25/11/2020;
BO;29.97;;6556;3.81663894489846;1;BO1;7;GMM;25/11/2020;
ET;29.51;;8799;3.94443331770021;3;ET3;7;GMM;25/11/2020;
SP;30.94;;3526;3.5472823079633;3;SM3;7;GMM;25/11/2020;
ET;29.56;;8522;3.93054152986443;3;ET3;7;GMM;25/11/2020;
ET;29.27;;10259;4.01110502981598;1;ET4;30;GMM;25/11/2020;
CONTROL;28.95;;12589;4.09999123354468;2;TEM2;0;GMM;25/11/2020;
SI;29.71;;7743;3.88890925926353;1;SI4;30;GMM;25/11/2020;
BO;30.71;;4084;3.61108573341487;1;BO4;30;GMM;25/11/2020;
CONTROL;29.68;;7893;3.89724210280537;1;TEM1;0;GMM;25/11/2020;
FI;30.98;;3436;3.5360531551592;3;FI9;90;GMM;25/11/2020;
BO;29.3;;10064;4.00277062810119;3;BO3;7;GMM;25/11/2020;
SP;30.37;;5076;3.70552161342267;1;SM1;7;GMM;25/11/2020;
FI;29.25;;10391;4.0166573448222;2;FI2;7;GMM;25/11/2020;
SP;30.6;;4382;3.64167237322469;2;SM2;7;GMM;25/11/2020;
FI;29.44;;9202;3.96388222892878;2;FI2;7;GMM;25/11/2020;
SI;30.05;;6229;3.79441833087414;1;SI1;7;GMM;25/11/2020;
FI;27.49;;32030;4.50555693866382;3;FI6;30;GMM;25/11/2020;
SP;31.9;;1908;3.28057837036808;1;SM4;30;GMM;25/11/2020;
SP;32.77;;1094;3.03901732199741;3;SM9;90;GMM;25/11/2020;
ET;29.24;;10458;4.01944863749364;1;ET4;30;GMM;25/11/2020;
BO;29.73;;7644;3.88332067838298;1;BO7;90;GMM;25/11/2020;
SI;30.88;;3663;3.56383691866455;2;SI8;90;GMM;25/11/2020;
FI;29.7;;7792;3.89164894387056;3;FI3;7;GMM;25/11/2020;
BO;30.54;;4553;3.65829765030819;1;BO1;7;GMM;25/11/2020;
ET;29.07;;11659;4.06666130230068;1;ET1;7;GMM;25/11/2020;
FI;29.43;;9261;3.96665788420176;1;FI1;7;GMM;25/11/2020;
ET;29.41;;9380;3.97220283837906;2;ET2;7;GMM;25/11/2020;
ET;29.29;;10129;4.00556657113329;1;ET1;7;GMM;25/11/2020;
SI;29.49;;8913;3.95002390652333;1;SI4;30;GMM;25/11/2020;
FI;30.09;;6072;3.78333176288742;3;FI9;90;GMM;25/11/2020;
ET;29.29;;10129;4.00556657113329;2;ET8;90;GMM;25/11/2020;
SP;32.26;;1515;3.18041263283832;2;SM8;90;GMM;25/11/2020;
SI;29.58;;8414;3.92500250768098;1;SI4;30;GMM;25/11/2020;
BO;31.03;;3328;3.52218331761869;1;BO4;30;GMM;25/11/2020;
ET;29.81;;7263;3.8611160441614;1;ET1;7;GMM;25/11/2020;
ET;29.69;;7842;3.89442683796419;3;ET3;7;GMM;25/11/2020;
SI;30.03;;6310;3.80002935924413;3;SI3;7;GMM;25/11/2020;
SP;30.11;;5995;3.77778918743487;2;SM2;7;GMM;25/11/2020;
BO;30.04;;6269;3.79719826983896;2;BO2;7;GMM;25/11/2020;
FI;29.5;;8856;3.94723760787067;2;FI8;90;GMM;25/11/2020;
SP;32.28;;1496;3.17493159352844;1;SM4;30;GMM;25/11/2020;
BO;29.63;;8149;3.91110431780404;3;BO9;90;GMM;25/11/2020;
ET;28.78;;14035;4.14721241697046;3;ET9;90;GMM;25/11/2020;
ET;28.64;;15350;4.18610837981321;1;ET4;30;GMM;25/11/2020;
SI;32;;1790;3.25285303097989;3;SI9;90;GMM;25/11/2020;
SI;29.38;;9562;3.98054873935977;2;SI2;7;GMM;25/11/2020;
SI;29.63;;8149;3.91110431780404;1;SI1;7;GMM;25/11/2020;
SP;29.88;;6945;3.84167225007363;2;SM2;7;GMM;25/11/2020;
BO;29.52;;8743;3.94166047838839;1;BO1;7;GMM;25/11/2020;
SP;30.93;;3548;3.54998361115969;3;SM3;7;GMM;25/11/2020;
BO;29.67;;7943;3.89998456254939;2;BO2;7;GMM;25/11/2020;
ET;28.41;;17783;4.2500050284869;3;ET9;90;GMM;25/11/2020;
SP;32.31;;1468;3.16672605558005;2;SM8;90;GMM;25/11/2020;
FI;29.37;;9624;3.98335561433179;3;FI9;90;GMM;25/11/2020;
FI;27.34;;35255;4.54722071901306;2;FI5;30;GMM;25/11/2020;
FI;27.22;;38068;4.58056006063942;3;FI6;30;GMM;25/11/2020;
BO;30.75;;3981;3.5999921775841;3;BO6;30;GMM;25/11/2020;
SP;31.47;;2512;3.40001963506516;3;SM6;30;GMM;25/11/2020;
SP;31.89;;1920;3.28330122870355;2;SM5;30;GMM;25/11/2020;
QNC2;No Cq;;1;0;NA;neg2_q;0;GMM;25/11/2020;
ET;29.75;;7547;3.8777743499914;2;ET8;90;GMM;25/11/2020;
SP;31.36;;2695;3.43055876952276;3;SM6;30;GMM;25/11/2020;
BO;31.49;;2480;3.39445168082622;2;BO5;30;GMM;25/11/2020;
SI;30.16;;5806;3.76387703149565;2;SI5;30;GMM;25/11/2020;
FI;29.56;;8522;3.93054152986443;1;FI4;30;GMM;25/11/2020;
FI;29.31;;10000;4;2;FI8;90;GMM;25/11/2020;
FI;28.11;;21544;4.33332634040345;2;FI5;30;GMM;25/11/2020;
ET;30.08;;6111;3.78611228371983;1;ET7;90;GMM;25/11/2020;
CONTROL;29.13;;11220;4.04999285692014;2;TEM2;0;GMM;25/11/2020;
SP;32.96;;969;2.98632377705077;1;SM7;90;GMM;25/11/2020;
ET;29.37;;9624;3.98335561433179;2;ET5;30;GMM;25/11/2020;
SI;29.27;;10259;4.01110502981598;2;SI5;30;GMM;25/11/2020;
SI;29.97;;6556;3.81663894489846;3;SI6;30;GMM;25/11/2020;
BO;30.97;;3459;3.53895056201436;3;BO6;30;GMM;25/11/2020;
BO;30.86;;3711;3.56949095434878;3;BO6;30;GMM;25/11/2020;
CONTROL;30.2;;5659;3.75273969393533;3;TEM3;0;GMM;25/11/2020;
SP;32.99;;950;2.97772360528885;3;SM9;90;GMM;25/11/2020;
CONTROL;29.79;;7356;3.86664172056604;3;TEM3;0;GMM;25/11/2020;
BO;30.22;;5588;3.74725639744214;2;BO5;30;GMM;25/11/2020;
FI;27.99;;23263;4.36666572068616;2;FI5;30;GMM;25/11/2020;
SI;30.1;;6033;3.7805333253164;3;SI6;30;GMM;25/11/2020;
ET;29.52;;8743;3.94166047838839;3;ET6;30;GMM;25/11/2020;
FI;29.74;;7595;3.88052777819881;1;FI4;30;GMM;25/11/2020;
SI;30.07;;6150;3.78887511577542;2;SI5;30;GMM;25/11/2020;
FI;27.21;;38312;4.58333482403455;3;FI6;30;GMM;25/11/2020;
SP;32.49;;1308;3.11660774398825;2;SM8;90;GMM;25/11/2020;
BO;30.3;;5309;3.72501272534116;3;BO9;90;GMM;25/11/2020;
FI;29.78;;7404;3.86946641008087;2;FI8;90;GMM;25/11/2020;
SI;30.14;;5881;3.76945117940204;1;SI7;90;GMM;25/11/2020;
BO;29.34;;9810;3.99166900737995;1;BO7;90;GMM;25/11/2020;
SP;32.27;;1506;3.17782497186468;1;SM7;90;GMM;25/11/2020;
FI;29.67;;7943;3.89998456254939;1;FI4;30;GMM;25/11/2020;
ET;29.55;;8577;3.93333541007765;2;ET8;90;GMM;25/11/2020;
ET;29.69;;7842;3.89442683796419;1;ET7;90;GMM;25/11/2020;
BO;31.1;;3183;3.502836638621;2;BO5;30;GMM;25/11/2020;
SP;32.11;;1668;3.22219604630172;3;SM9;90;GMM;25/11/2020;
BO;30.55;;4524;3.65552259625342;2;BO8;90;GMM;25/11/2020;
SI;30.05;;6229;3.79441833087414;1;SI7;90;GMM;25/11/2020;
SI;30.39;;5012;3.70001106232211;3;SI6;30;GMM;25/11/2020;
SP;30.73;;4032;3.60552052343747;3;SM6;30;GMM;25/11/2020;
ET;28.99;;12271;4.08887995610805;3;ET6;30;GMM;25/11/2020;
SI;29.81;;7263;3.8611160441614;1;SI7;90;GMM;25/11/2020;
BO;30.5;;4671;3.66940986728778;2;BO8;90;GMM;25/11/2020;
ET;29.14;;11149;4.04723591545968;3;ET9;90;GMM;25/11/2020;
ET;29.34;;9810;3.99166900737995;3;ET6;30;GMM;25/11/2020;
ET;28.88;;13166;4.11945385075606;1;ET7;90;GMM;25/11/2020;
FI;29.74;;7595;3.88052777819881;1;FI7;90;GMM;25/11/2020;
SP;31.5;;2464;3.39164070349239;1;SM7;90;GMM;25/11/2020;
FI;28.71;;14678;4.16666688336361;1;FI7;90;GMM;25/11/2020;
Es_28;27.95;0.23;;;;;;EMM;;B
BDA_47;19;0;;;;;;EMM;;D
CAC002;24.79;0;;;;;;EMM;;C
Es_56;27.75;0;;;;;;EMM;;B
BDA_83;18.76;0;;;;;;EMM;;D
PH_113;22.23;0;;;;;;EMM;;A
SHE003;24.72;0.18;;;;;;EMM;;C
FF_S6;21.54;0;;;;;;EMM;;
BDA_71;19.8;0;;;;;;EMM;;D
Es_47;26.37;0;;;;;;EMM;;B
EDN002;24.75;0;;;;;;EMM;;C
PH_169;18.92;0;;;;;;EMM;;A
Es_28;26.48;1.7;;;;;;TPM;;B
BDA_47;17.63;1.37;;;;;;TPM;;D
CAC002;24.06;0.73;;;;;;TPM;;C
Es_56;26.71;1.04;;;;;;TPM;;B
BDA_83;17.94;0.82;;;;;;TPM;;D
PH_129;20.73;1.56;;;;;;TPM;;A
SHE003;23.6;1.3;;;;;;TPM;;C
FF_S6;20.78;0.76;;;;;;TPM;;
BDA_71;17.68;2.12;;;;;;TPM;;D
Es_47;25.61;0.76;;;;;;TPM;;B
EDN002;23.6;1.15;;;;;;TPM;;C
PH_169;18.16;0.76;;;;;;TPM;;A
Es_28;28.18;0;;;;;;GMM;;B
BDA_47;18.82;0.18;;;;;;GMM;;D
CAC002;24.76;0.03;;;;;;GMM;;C
Es_56;27.37;0.38;;;;;;GMM;;B
BDA_83;19;0.24;;;;;;GMM;;D
PH_113;22;0.23;;;;;;GMM;;A
PH_129;22.29;0;;;;;;GMM;;A
SHE003;24.9;0;;;;;;GMM;;C
FF_S6;21.9;0.36;;;;;;GMM;;
BDA_71;18.74;1.06;;;;;;GMM;;D
Es_47;26.36;0.01;;;;;;GMM;;B
EDN002;24.69;0.06;;;;;;GMM;;C
PH_169;18.82;0.1;;;;;;GMM;;A
BTTZ;16.39;1.67;32801468.7797654;;;;;;;C
PW;13.26;4.8;249786281.879555;;;;;;;C
PW;15.82;2.24;39026099.2898561;;;;;;;B
PW;14.96;3.1;63396735.6841033;;;;;;;D
PW;16.04;2.02;36874177.684119;;;;;;;B
BTT;15.9;2.16;45691412.5259156;;;;;;;D
BTTZ;13.55;4.51;203728859.731597;;;;;;;A
PW;13.98;4.08;128462844.497055;;;;;;;D
BTTZ;15.59;2.47;53754445.4863184;;;;;;;D
BTT;14.57;3.49;98221803.4424128;;;;;;;B
BTTZ;16.08;1.98;44784509.667956;;;;;;;C
BTT;11.86;6.2;703202218.345859;;;;;;;A
BTT;17.91;0.15;12589789.7753423;;;;;;;C
PW;14.18;3.88;148228741.187798;;;;;;;D
BTTZ;14.77;3.29;95178373.0411963;;;;;;;B
BTT;17.97;0.09;13118130.0337148;;;;;;;C
BTTZ;15.26;2.8;62867170.2553593;;;;;;;D
PW;16.84;1.22;24086051.1775821;;;;;;;A
PW;16.74;1.32;28671330.9425027;;;;;;;A
PW;15.38;2.68;76021010.5961019;;;;;;;B
BTTZ;13.13;4.93;244865317.279038;;;;;;;A
PW;16.61;1.45;29721562.068975;;;;;;;A
BTT;15.42;2.64;73678006.3488712;;;;;;;D
BTT;14.15;3.91;120650044.719348;;;;;;;B
BTTZ;13.35;4.71;229472734.58279;;;;;;;A
BTTZ;14.53;3.53;126036973.988979;;;;;;;B
PW;13.17;4.89;327046241.174814;;;;;;;C
BTTZ;14.62;3.44;122359696.663988;;;;;;;B
BTTZ;15.74;2.32;54272992.9282434;;;;;;;C
BTT;15.28;2.78;68376594.9743072;;;;;;;D
BTTZ;14.94;3.12;93999326.3118346;;;;;;;D
BTT;11.71;6.35;594514083.195456;;;;;;;A
PW;13.3;4.76;261532679.659197;;;;;;;C
BTT;11.56;6.5;670348314.299607;;;;;;;A
BTT;18.06;0;13309657.5495185;;;;;;;C
BTT;14.86;3.2;84952969.64603;;;;;;;B
