Trt;Cq;delta_cq;DNA_copy;DNA_log10;rep_bio;ID;conservation_t;qPCR_mix;Date_stdcurve;Site
GF;27,02;;88023.44019;4.944598338;1;FG_1;;GMM;29/07/2020;
NY;27,31;;73158.6913;4.864265928;1;NY_1;;GMM;29/07/2020;
FNC1;No Cq;;0;0;NA;neg1_FFG;;GMM;29/07/2020;
PES;28,86;;27220.93554;4.434903047;2;PES_2;;GMM;29/07/2020;
SNC1;No Cq;;0;0;NA;neg1_FG;;GMM;29/07/2020;
SNC1;No Cq;;0;0;NA;neg1_PES;;GMM;29/07/2020;
GF;26,37;;133245.8647;5.12465374;3;FG_3;;GMM;29/07/2020;
GF;26,79;;101931.9305;5.008310249;2;FG_2;;GMM;29/07/2020;
SNC1;No Cq;;0;0;NA;neg1_PES;;GMM;29/07/2020;
NY;27,47;;66060.91707;4.819944598;1;NY_1;;GMM;29/07/2020;
ST;26,09;;159300.1066;5.202216066;1;ST_1;;GMM;29/07/2020;
GF;26,58;;116541.8732;5.066481994;1;FG_1;;GMM;29/07/2020;
NY;26,5;;122642.97;5.088642659;3;NY_3;;GMM;29/07/2020;
ST;26,36;;134098.47;5.127423823;3;ST_3;;GMM;29/07/2020;
FNC1;40,08;;21.22608046;1.326869806;NA;neg1_FFG;;GMM;29/07/2020;
NY;26,43;;128242.8736;5.108033241;3;NY_3;;GMM;29/07/2020;
SNC1;No Cq;;0;0;NA;neg1_FG;;GMM;29/07/2020;
PES;28,47;;34908.90996;4.542936288;1;PES_1;;GMM;29/07/2020;
SNC1;No Cq;;0;0;NA;neg1_FG;;GMM;29/07/2020;
NY;27,04;;86907.68303;4.939058172;1;NY_1;;GMM;29/07/2020;
ST;26,39;;131556.8825;5.119113573;1;ST_1;;GMM;29/07/2020;
PES;28,79;;28463.84913;4.454293629;2;PES_2;;GMM;29/07/2020;
GF;26,88;;96245.29354;4.983379501;2;FG_2;;GMM;29/07/2020;
GF;26,53;;120318.5003;5.08033241;2;FG_2;;GMM;29/07/2020;
NY;26,16;;152344.0457;5.182825485;3;NY_3;;GMM;29/07/2020;
FNC1;No Cq;;0;0;NA;neg1_FNY;;GMM;29/07/2020;
ST;25,96;;173072.1333;5.238227147;1;ST_1;;GMM;29/07/2020;
FNC1;No Cq;;0;0;NA;neg1_FPES;;GMM;29/07/2020;
SNC1;No Cq;;0;0;NA;neg1_Ny;;GMM;29/07/2020;
PES;28,5;;34247.27639;4.534626039;1;PES_1;;GMM;29/07/2020;
NY;26,54;;119553.5088;5.077562327;2;NY_2;;GMM;29/07/2020;
GF;26,38;;132398.6804;5.121883657;3;FG_3;;GMM;29/07/2020;
FNC1;No Cq;;0;0;NA;neg1_FPES;;GMM;29/07/2020;
FNC1;No Cq;;0;0;NA;neg1_FFG;;GMM;29/07/2020;
SNC1;No Cq;;0;0;NA;neg1_Ny;;GMM;29/07/2020;
GF;27,08;;84718.41839;4.927977839;1;FG_1;;GMM;29/07/2020;
NY;26,47;;125012.3469;5.096952909;2;NY_2;;GMM;29/07/2020;
GF;26,17;;151375.4341;5.180055402;3;FG_3;;GMM;29/07/2020;
PES;28,79;;28463.84913;4.454293629;2;PES_2;;GMM;29/07/2020;
FNC1;No Cq;;0;0;NA;neg1_FNY;;GMM;29/07/2020;
ST;26,71;;107268.1805;5.030470914;3;ST_3;;GMM;29/07/2020;
NY;26,24;;144765.4151;5.16066482;2;NY_2;;GMM;29/07/2020;
PES;28,59;;32336.66972;4.509695291;1;PES_1;;GMM;29/07/2020;
ST;26,6;;115064.6255;5.060941828;2;ST_2;;GMM;29/07/2020;
PES;27,68;;57779.37679;4.761772853;3;PES_3;;GMM;29/07/2020;
SNC1;No Cq;;0;0;NA;neg1_Ny;;GMM;29/07/2020;
ST;26,6;;115064.6255;5.060941828;3;ST_3;;GMM;29/07/2020;
PES;27,95;;48638.54888;4.686980609;3;PES_3;;GMM;29/07/2020;
FNC1;No Cq;;0;0;NA;neg1_FNY;;GMM;29/07/2020;
PES;27,22;;77481.26023;4.889196676;3;PES_3;;GMM;29/07/2020;
SNC1;No Cq;;0;0;NA;neg1_ST;;GMM;29/07/2020;
FNC1;No Cq;;0;0;NA;neg1_FST;;GMM;29/07/2020;
ST;26,95;;92042.60882;4.96398892;2;ST_2;;GMM;29/07/2020;
FNC1;No Cq;;0;0;NA;Neg1_FST;;GMM;29/07/2020;
SNC1;No Cq;;0;0;NA;neg1_ST;;GMM;29/07/2020;
SNC1;No Cq;;0;0;NA;neg1_PES;;GMM;29/07/2020;
SNC1;No Cq;;0;0;NA;neg1_ST;;GMM;29/07/2020;
FNC1;No Cq;;0;0;NA;neg1_FST;;GMM;29/07/2020;
FNC1;No Cq;;0;0;NA;neg1_FPES;;GMM;29/07/2020;
ST;26,78;;102584.1661;5.011080332;2;ST_2;;GMM;29/07/2020;
ENC1;No Cq;;0;0;NA;neg1_E;;GMM;29/07/2020;
ENC1;No Cq;;0;0;NA;neg1_E;;GMM;29/07/2020;
ENC1;No Cq;;0;0;NA;neg1_E;;GMM;29/07/2020;
QNC1;No Cq;;0;0;;neg1_q;;GMM;29/07/2020;
FNC0;40,06;;21.49858975;1.332409972;NA;neg2_F1;0;GMM;29/07/2020;
BT;29,7;;15930.01066;4.202216066;1;DN1;;GMM;29/07/2020;
PW;30,73;;8258.430284;3.916897507;1;PW1;;GMM;29/07/2020;
BT;30,61;;8915.352191;3.950138504;1;DN1;;GMM;29/07/2020;
ENC3;37,02;;149.4566472;2.174515235;NA;neg3_E3;;GMM;29/07/2020;
QNC3;No Cq;;0;0;;neg3_q;;GMM;29/07/2020;
QNC3;34,36;;815.3749046;2.911357341;;neg3_q;;GMM;29/07/2020;
BTT;29,36;;19787.86287;4.296398892;2;DNT_2;;GMM;29/07/2020;
SNC3;No Cq;;0;0;NA;neg3_DNT;0;GMM;25/11/2020;
SNC0;34,73;;643.9679688;2.808864266;NA;neg2_TEM;;GMM;29/07/2020;
ENC3;33,89;;1100.401684;3.041551247;NA;neg3_E1;;GMM;29/07/2020;
SNC0;No Cq;;0;0;NA;neg2_TEM;;GMM;29/07/2020;
ENC3;No Cq;;0;0;NA;neg3_E1;;GMM;29/07/2020;
PW;31,82;;4120.580934;3.614958449;1;PW1;;GMM;29/07/2020;
FNC0;38,44;;60.41759518;1.781163435;NA;neg2_F1;0;GMM;29/07/2020;
PW;32,18;;3275.18214;3.515235457;2;PW2;;GMM;29/07/2020;
ENC3;37,94;;83.11273808;1.91966759;NA;neg3_E3;;GMM;29/07/2020;
BTZ;29,79;;15041.2981;4.177285319;1;DNZ_1;;GMM;29/07/2020;
BTT;29,42;;19044.8867;4.279778393;2;DNT_2;;GMM;29/07/2020;
BTZ;30,41;;10128.38418;4.005540166;2;DNZ_2;;GMM;29/07/2020;
BTT;29,59;;17087.83259;4.232686981;3;DNT_3;;GMM;29/07/2020;
BT;29,81;;14850.63939;4.171745152;1;DN1;;GMM;29/07/2020;
BT;31,19;;6158.482111;3.789473684;2;DN2;;GMM;29/07/2020;
ENC0;36,21;;250.5485922;2.398891967;NA;neg2_E1;;GMM;29/07/2020;
BTZ;30,14;;12031.85003;4.08033241;2;DNZ_2;;GMM;29/07/2020;
ENC0;33,79;;1172.87594;3.069252078;NA;neg2_E1;;GMM;29/07/2020;
PW;32,66;;2411.41228;3.382271468;1;PW1;;GMM;29/07/2020;
BT;30,82;;7797.704244;3.891966759;3;DN3;;GMM;29/07/2020;
BT;30,62;;8858.667904;3.947368421;2;DN2;;GMM;29/07/2020;
SNC3;38,68;;51.84196332;1.71468144;NA;neg3_DNT;0;GMM;25/11/2020;
PW;31,75;;4308.727519;3.63434903;2;PW2;;GMM;29/07/2020;
ENC3;No Cq;;0;0;NA;neg3_E1;;GMM;29/07/2020;
BTZ;30,9;;7409.793315;3.869806094;1;DNZ_1;;GMM;29/07/2020;
SNC3;38,91;;44.76818929;1.650969529;NA;neg3_Pw;0;GMM;25/11/2020;
SNC0;38,24;;68.63807532;1.836565097;NA;neg2_TEM;;GMM;29/07/2020;
BTZ;30,02;;12988.93092;4.113573407;2;DNZ_2;;GMM;29/07/2020;
PW;32,8;;2205.414902;3.343490305;3;PW3;;GMM;29/07/2020;
BTZ;30,17;;11803.80865;4.072022161;3;DNZ_3;;GMM;29/07/2020;
ENC0;36,12;;265.3522135;2.423822715;NA;neg2_E1;;GMM;29/07/2020;
BTT;29,56;;17417.95764;4.24099723;1;DNT_1;;GMM;29/07/2020;
BTT;29,81;;14850.63939;4.171745152;3;DNT_3;;GMM;29/07/2020;
SNC3;38,01;;79.48350469;1.900277008;NA;neg3_Pw;0;GMM;25/11/2020;
BTZ;30,09;;12421.75118;4.094182825;3;DNZ_3;;GMM;29/07/2020;
FNC0;38,7;;51.18483106;1.709141274;NA;neg2_F1;0;GMM;29/07/2020;
BTT;29,3;;20559.8239;4.313019391;2;DNT_2;;GMM;29/07/2020;
PWZ;31,78;;4227.06359;3.626038781;1;PWZ_1;;GMM;29/07/2020;
PW;31,38;;5455.594781;3.736842105;2;PW2;;GMM;29/07/2020;
PWZ;32,23;;3172.378819;3.501385042;1;PWZ_1;;GMM;29/07/2020;
PWZ;31,61;;4711.185383;3.673130194;2;PWZ_2;;GMM;29/07/2020;
BT;30,71;;8364.455464;3.922437673;2;DN2;;GMM;29/07/2020;
BTZ;29,72;;15728.08691;4.1966759;3;DNZ_3;;GMM;29/07/2020;
SNC3;37,69;;97.48093084;1.988919668;NA;neg3_DNT;0;GMM;25/11/2020;
PW;32,63;;2457.999088;3.390581717;3;PW3;;GMM;29/07/2020;
BT;31,76;;4281.332399;3.631578947;3;DN3;;GMM;29/07/2020;
BTZ;31,28;;5814.909183;3.764542936;1;DNZ_1;;GMM;29/07/2020;
BTT;29,81;;14850.63939;4.171745152;3;DNT_3;;GMM;29/07/2020;
PWZ;31,99;;3697.149702;3.567867036;2;PWZ_2;;GMM;29/07/2020;
BTT;29,55;;17529.41057;4.243767313;1;DNT_1;;GMM;29/07/2020;
ENC3;35,61;;367.3643026;2.565096953;NA;neg3_E3;;GMM;29/07/2020;
SNC3;No Cq;;0;0;NA;neg3_Pw;0;GMM;25/11/2020;
BTT;30,27;;11074.42866;4.04432133;1;DNT_1;;GMM;29/07/2020;
BT;31;;6951.927962;3.842105263;3;DN3;;GMM;29/07/2020;
PWZ;31,45;;5217.368641;3.717451524;2;PWZ_2;;GMM;29/07/2020;
PW;32,34;;2957.42764;3.470914127;3;PW3;;GMM;29/07/2020;
PWZ;32,02;;3627.077094;3.559556787;1;PWZ_1;;GMM;29/07/2020;
PWZ;35,28;;453.4294201;2.656509695;3;PWZ_3;;GMM;29/07/2020;
PWZ;35,05;;525.0753211;2.720221607;3;PWZ_3;;GMM;29/07/2020;
PWZ;34,98;;549.0503698;2.739612188;3;PWZ_3;;GMM;29/07/2020;
FO;33,94;;1065.861637;3.027700831;3;BO9;90;GMM;19/10/2020;
SP;34,31;;841.7977415;2.925207756;1;SM7;90;GMM;19/10/2020;
SI;33,35;;1552.872268;3.191135734;2;SI8;90;GMM;19/10/2020;
SNC2;No Cq;;0;0;NA;neg2_SI7;7;GMM;25/11/2020;
FO;34,53;;731.586913;2.864265928;2;BO8;90;GMM;19/10/2020;
SNC2;No Cq;;0;0;NA;neg2_SM7;7;GMM;25/11/2020;
ET;33,84;;1136.061029;3.055401662;3;ET9;90;GMM;19/10/2020;
ENC2;No Cq;;0;0;NA;neg2_E2;7;GMM;19/10/2020;
FE;32,55;;2586.678077;3.412742382;2;TEM2;0;GMM;19/10/2020;
SNC2;No Cq;;0;0;NA;neg2_SI7;7;GMM;25/11/2020;
FI;33,94;;1065.861637;3.027700831;3;FI9;90;GMM;19/10/2020;
SI;33,55;;1366.891592;3.135734072;3;SI9;90;GMM;19/10/2020;
FI;32,96;;1991.44802;3.299168975;1;FI7;90;GMM;19/10/2020;
FNC2;No Cq;;0;0;NA;neg2_F2;7;GMM;19/10/2020;
SP;35,38;;425.4111458;2.628808864;3;SM9;90;GMM;19/10/2020;
FI;33,91;;1086.453342;3.03601108;3;FI9;90;GMM;19/10/2020;
SI;34,36;;815.3749046;2.911357341;1;SI7;90;GMM;19/10/2020;
ENC2;No Cq;;0;0;NA;neg2_E2;7;GMM;19/10/2020;
FE;32,31;;3014.563085;3.479224377;2;TEM2;0;GMM;19/10/2020;
SP;34,78;;623.7547278;2.79501385;1;SM7;90;GMM;19/10/2020;
SI;33,1;;1821.326521;3.260387812;2;SI8;90;GMM;19/10/2020;
ET;32,81;;2191.392756;3.340720222;2;ET8;90;GMM;19/10/2020;
ET;32,88;;2095.702541;3.32132964;2;ET8;90;GMM;19/10/2020;
SI;34,27;;863.5511933;2.936288089;1;SI7;90;GMM;19/10/2020;
SI;35,08;;515.1234934;2.711911357;3;SI9;90;GMM;19/10/2020;
SNC2;No Cq;;0;0;NA;neg2_BO7;7;GMM;25/11/2020;
ET;33,87;;1114.529101;3.047091413;1;ET7;90;GMM;19/10/2020;
QNC2;No Cq;;0;0;;neg2_q;7;GMM;19/10/2020;
FE;32,46;;2739.511515;3.43767313;2;TEM2;0;GMM;19/10/2020;
SNC2;No Cq;;0;0;NA;neg2_FI7;7;GMM;25/11/2020;
FI;32,59;;2521.517867;3.40166205;2;FI8;90;GMM;19/10/2020;
FO;33,59;;1332.458647;3.12465374;1;BO7;90;GMM;19/10/2020;
SNC2;No Cq;;0;0;NA;neg2_FI7;7;GMM;25/11/2020;
SP;35,18;;483.2930239;2.684210526;3;SM9;90;GMM;19/10/2020;
SNC2;No Cq;;0;0;NA;neg2_SM7;7;GMM;25/11/2020;
SNC2;No Cq;;0;0;NA;neg2_FI7;7;GMM;25/11/2020;
ENC2;No Cq;;0;0;NA;neg2_E2;7;GMM;19/10/2020;
FE;33,23;;1676.396445;3.224376731;3;TEM3;0;GMM;19/10/2020;
FO;33,31;;1593.001066;3.202216066;3;BO9;90;GMM;19/10/2020;
SP;35,05;;525.0753211;2.720221607;1;SM7;90;GMM;19/10/2020;
SNC2;No Cq;;0;0;NA;neg2_ET7;7;GMM;25/11/2020;
SP;34,74;;639.873586;2.806094183;2;SM8;90;GMM;19/10/2020;
FI;33,88;;1107.442866;3.04432133;2;FI8;90;GMM;19/10/2020;
SNC2;No Cq;;0;0;NA;neg2_SI7;7;GMM;25/11/2020;
ET;34,27;;863.5511933;2.936288089;3;ET9;90;GMM;19/10/2020;
FI;34,39;;799.9209873;2.903047091;1;FI7;90;GMM;19/10/2020;
FNC2;No Cq;;0;0;NA;neg2_F2;7;GMM;19/10/2020;
FE;33,49;;1420.216555;3.152354571;3;TEM3;0;GMM;19/10/2020;
FI;33,68;;1258.122681;3.099722992;3;FI9;90;GMM;19/10/2020;
FO;35;;542.0907817;2.734072022;1;BO7;90;GMM;19/10/2020;
SNC2;No Cq;;0;0;NA;neg2_BO7;7;GMM;25/11/2020;
FI;33,49;;1420.216555;3.152354571;1;FI7;90;GMM;19/10/2020;
ET;33,51;;1402.214341;3.146814404;2;ET8;90;GMM;19/10/2020;
SNC2;No Cq;;0;0;NA;neg2_BO7;7;GMM;25/11/2020;
FNC2;No Cq;;0;0;NA;neg2_F2;7;GMM;19/10/2020;
SNC2;No Cq;;0;0;NA;neg2_SM7;7;GMM;25/11/2020;
FE;33,01;;1928.939292;3.28531856;1;TEM1;0;GMM;19/10/2020;
FE;33,04;;1892.379829;3.27700831;3;TEM3;0;GMM;19/10/2020;
ET;33,52;;1393.298987;3.144044321;1;ET7;90;GMM;19/10/2020;
SNC2;No Cq;;0;0;NA;neg2_ET7;7;GMM;25/11/2020;
SI;32,86;;2122.608046;3.326869806;3;SI9;90;GMM;19/10/2020;
SP;33,79;;1172.87594;3.069252078;2;SM8;90;GMM;19/10/2020;
FO;33,61;;1315.568825;3.119113573;2;BO8;90;GMM;19/10/2020;
ET;32,62;;2473.727178;3.393351801;3;ET9;90;GMM;19/10/2020;
FI;33,1;;1821.326521;3.260387812;2;FI8;90;GMM;19/10/2020;
FO;33,85;;1128.837892;3.052631579;2;BO8;90;GMM;19/10/2020;
FE;32,66;;2411.41228;3.382271468;1;TEM1;0;GMM;19/10/2020;
SI;32,98;;1966.205057;3.293628809;2;SI8;90;GMM;19/10/2020;
FO;32,62;;2473.727178;3.393351801;3;BO9;90;GMM;19/10/2020;
SP;33,7;;1242.175118;3.094182825;2;SM8;90;GMM;19/10/2020;
FO;33,67;;1266.173077;3.102493075;1;BO7;90;GMM;19/10/2020;
SP;34,18;;914.5739699;2.961218837;3;SM9;90;GMM;19/10/2020;
SI;33,41;;1494.566472;3.174515235;1;SI7;90;GMM;19/10/2020;
ET;32,71;;2335.721469;3.368421053;1;ET7;90;GMM;19/10/2020;
SNC2;No Cq;;0;0;NA;neg2_ET7;7;GMM;25/11/2020;
FE;32,02;;3627.077094;3.559556787;1;TEM1;0;GMM;19/10/2020;
SNC2;No Cq;;0;0;NA;neg2_SM30;30;GMM;25/11/2020;
FO;37,72;;95.63336081;1.980609418;3;BO6;30;GMM;19/10/2020;
SNC2;No Cq;;0;0;NA;neg2_BO30;30;GMM;25/11/2020;
FI;33,98;;1039.011845;3.016620499;3;FI6;30;GMM;19/10/2020;
SI;36,97;;154.2999023;2.188365651;3;SI6;30;GMM;19/10/2020;
FO;38,12;;74.09793315;1.869806094;2;BO5;30;GMM;19/10/2020;
SP;39,63;;28.28287445;1.451523546;1;SM4;30;GMM;19/10/2020;
SI;36,98;;153.3188552;2.185595568;3;SI6;30;GMM;19/10/2020;
SP;39,68;;27.39511515;1.43767313;2;SM5;30;GMM;19/10/2020;
SNC2;No Cq;;0;0;NA;neg2_FI30;30;GMM;25/11/2020;
SNC2;No Cq;;0;0;NA;neg2_SI30;30;GMM;25/11/2020;
SP;38,98;;42.81332399;1.631578947;3;SM6;30;GMM;19/10/2020;
SNC2;No Cq;;0;0;NA;neg2_ET30;30;GMM;25/11/2020;
SP;38,52;;57.41201241;1.75900277;2;SM5;30;GMM;19/10/2020;
SI;37,23;;130.7204368;2.11634349;3;SI6;30;GMM;19/10/2020;
SI;37,03;;148.5063939;2.171745152;1;SI4;30;GMM;19/10/2020;
ET;35,92;;301.4563085;2.479224377;3;ET6;30;GMM;19/10/2020;
FI;34,5;;745.7206635;2.872576177;2;FI5;30;GMM;19/10/2020;
ENC2;No Cq;;0;0;NA;neg2_E3;30;GMM;19/10/2020;
ET;36;;286.4598182;2.457063712;1;ET4;30;GMM;19/10/2020;
FNC2;No Cq;;0;0;NA;neg2_F3;30;GMM;19/10/2020;
SNC2;No Cq;;0;0;NA;neg2_FI30;30;GMM;25/11/2020;
FI;33,92;;1079.545614;3.033240997;2;FI5;30;GMM;19/10/2020;
FNC2;No Cq;;0;0;NA;neg2_F3;30;GMM;19/10/2020;
FO;37,69;;97.48093084;1.988919668;2;BO5;30;GMM;19/10/2020;
ET;35,37;;428.1332399;2.631578947;1;ET4;30;GMM;19/10/2020;
ET;36,61;;194.1282067;2.288088643;2;ET5;30;GMM;19/10/2020;
FI;36,82;;169.7918724;2.229916898;1;FI4;30;GMM;19/10/2020;
FO;37,97;;81.53749046;1.911357341;3;BO6;30;GMM;19/10/2020;
ET;36,48;;210.911239;2.324099723;3;ET6;30;GMM;19/10/2020;
ENC2;No Cq;;0;0;NA;neg2_E3;30;GMM;19/10/2020;
SNC2;No Cq;;0;0;NA;neg2_SI30;30;GMM;25/11/2020;
SNC2;No Cq;;0;0;NA;neg2_BO30;30;GMM;25/11/2020;
FI;33,89;;1100.401684;3.041551247;3;FI6;30;GMM;19/10/2020;
SI;36,34;;230.6114606;2.362880886;2;SI5;30;GMM;19/10/2020;
FO;38,07;;76.4991324;1.88365651;1;BO4;30;GMM;19/10/2020;
SNC2;No Cq;;0;0;NA;neg2_ET30;30;GMM;25/11/2020;
ET;35,93;;299.5396332;2.476454294;2;ET5;30;GMM;19/10/2020;
SP;38,64;;53.18164576;1.725761773;2;SM5;30;GMM;19/10/2020;
FO;37,39;;118.0380865;2.072022161;1;BO4;30;GMM;19/10/2020;
FI;32,43;;2792.436972;3.44598338;3;FI6;30;GMM;19/10/2020;
ET;34,99;;545.5594781;2.736842105;1;ET4;30;GMM;19/10/2020;
SP;38,36;;63.58052354;1.8033241;1;SM4;30;GMM;19/10/2020;
SNC2;No Cq;;0;0;NA;neg2_SM30;30;GMM;25/11/2020;
SI;36,9;;161.345268;2.207756233;1;SI4;30;GMM;19/10/2020;
FO;37,2;;133.2458647;2.12465374;3;BO6;30;GMM;19/10/2020;
SNC2;No Cq;;0;0;NA;neg2_BO30;30;GMM;25/11/2020;
FI;35,86;;313.2166753;2.495844875;1;FI4;30;GMM;19/10/2020;
SP;38,08;;76.01274682;1.880886427;1;SM4;30;GMM;19/10/2020;
SP;37,4;;117.287594;2.069252078;3;SM6;30;GMM;19/10/2020;
FNC2;No Cq;;0;0;NA;neg2_F3;30;GMM;19/10/2020;
FI;35,62;;365.0285807;2.56232687;1;FI4;30;GMM;19/10/2020;
QNC2;No Cq;;0;0;;neg2_q;30;GMM;19/10/2020;
FI;33,85;;1128.837892;3.052631579;2;FI5;30;GMM;19/10/2020;
SP;37,76;;93.22429031;1.969529086;3;SM6;30;GMM;19/10/2020;
SNC2;No Cq;;0;0;NA;neg2_SM30;30;GMM;25/11/2020;
SI;35,52;;389.0699605;2.590027701;1;SI4;30;GMM;19/10/2020;
FO;37,13;;139.3298987;2.144044321;1;BO4;30;GMM;19/10/2020;
ET;35,73;;340.2953038;2.531855956;3;ET6;30;GMM;19/10/2020;
SNC2;No Cq;;0;0;NA;neg2_ET30;30;GMM;25/11/2020;
SNC2;No Cq;;0;0;NA;neg2_SI30;30;GMM;25/11/2020;
ENC2;No Cq;;0;0;NA;neg2_E3;30;GMM;19/10/2020;
SI;36,34;;230.6114606;2.362880886;2;SI5;30;GMM;19/10/2020;
FO;36,79;;173.0721333;2.238227147;2;BO5;30;GMM;19/10/2020;
ET;34,63;;686.3807532;2.836565097;2;ET5;30;GMM;19/10/2020;
SI;36,39;;223.372894;2.349030471;2;SI5;30;GMM;19/10/2020;
SNC2;No Cq;;0;0;NA;neg2_FI30;30;GMM;25/11/2020;
FO;28,79;;28463.84913;4.454293629;3;BO9;90;GMM;19/10/2020;
SP;30,66;;8635.511933;3.936288089;1;SM7;90;GMM;19/10/2020;
SI;29,16;;22480.21984;4.351800554;2;SI8;90;GMM;19/10/2020;
SNC2;No Cq;;0;0;NA;neg2_SI90;90;GMM;25/11/2020;
FO;29,1;;23357.21469;4.368421053;2;BO8;90;GMM;19/10/2020;
SNC2;No Cq;;0;0;NA;neg2_SM90;90;GMM;25/11/2020;
ET;27,75;;55256.35987;4.742382271;3;ET9;90;GMM;19/10/2020;
ENC2;No Cq;;0;0;NA;neg2_E4;90;GMM;19/10/2020;
SNC2;No Cq;;0;0;NA;neg2_SI90;90;GMM;25/11/2020;
FI;29,66;;16341.6686;4.213296399;3;FI9;90;GMM;19/10/2020;
SI;30,4;;10193.19305;4.008310249;3;SI9;90;GMM;19/10/2020;
FI;28,96;;25538.90167;4.407202216;1;FI7;90;GMM;19/10/2020;
FNC2;No Cq;;0;0;NA;neg2_F4;90;GMM;19/10/2020;
SP;31,56;;4863.854888;3.686980609;3;SM9;90;GMM;19/10/2020;
FI;29,65;;16446.23464;4.216066482;3;FI9;90;GMM;19/10/2020;
SI;28,75;;29199.40227;4.465373961;1;SI7;90;GMM;19/10/2020;
ENC2;No Cq;;0;0;NA;neg2_E4;90;GMM;19/10/2020;
SP;31,28;;5814.909183;3.764542936;1;SM7;90;GMM;19/10/2020;
SI;29,49;;18213.26521;4.260387812;2;SI8;90;GMM;19/10/2020;
ET;28,99;;25054.85922;4.398891967;2;ET8;90;GMM;19/10/2020;
ET;28,97;;25376.52397;4.404432133;2;ET8;90;GMM;19/10/2020;
SI;28,8;;28282.87445;4.451523546;1;SI7;90;GMM;19/10/2020;
SI;30,5;;9563.336081;3.980609418;3;SI9;90;GMM;19/10/2020;
SNC2;No Cq;;0;0;NA;neg2_BO90;90;GMM;25/11/2020;
ET;28,77;;28829.27992;4.459833795;1;ET7;90;GMM;19/10/2020;
QNC2;No Cq;;0;0;;neg2_q;90;GMM;19/10/2020;
SNC2;No Cq;;0;0;NA;neg2_FI90;90;GMM;25/11/2020;
FI;28,57;;32751.8214;4.515235457;2;FI8;90;GMM;19/10/2020;
FO;28,63;;31522.08664;4.498614958;1;BO7;90;GMM;19/10/2020;
SNC2;No Cq;;0;0;NA;neg2_FI90;90;GMM;25/11/2020;
SP;31,62;;4681.231414;3.670360111;3;SM9;90;GMM;19/10/2020;
SNC2;No Cq;;0;0;NA;neg2_SM90;90;GMM;25/11/2020;
SNC2;No Cq;;0;0;NA;neg2_FI90;90;GMM;25/11/2020;
ENC2;No Cq;;0;0;NA;neg2_E4;90;GMM;19/10/2020;
FO;28,73;;29574.2764;4.470914127;3;BO9;90;GMM;19/10/2020;
SP;30,85;;7649.91324;3.88365651;1;SM7;90;GMM;19/10/2020;
SNC2;No Cq;;0;0;NA;neg2_ET90;90;GMM;25/11/2020;
SP;31,81;;4146.947448;3.617728532;2;SM8;90;GMM;19/10/2020;
FI;29,11;;23208.70827;4.36565097;2;FI8;90;GMM;19/10/2020;
SNC2;No Cq;;0;0;NA;neg2_SI90;90;GMM;25/11/2020;
ET;28,15;;42813.32399;4.631578947;3;ET9;90;GMM;19/10/2020;
FI;28,6;;32131.07144;4.506925208;1;FI7;90;GMM;19/10/2020;
FNC2;No Cq;;0;0;NA;neg2_F4;90;GMM;19/10/2020;
FI;29,34;;20041.90772;4.301939058;3;FI9;90;GMM;19/10/2020;
FO;28,14;;43087.27519;4.63434903;1;BO7;90;GMM;19/10/2020;
SNC2;No Cq;;0;0;NA;neg2_BO90;90;GMM;25/11/2020;
FI;28,92;;26198.86931;4.418282548;1;FI7;90;GMM;19/10/2020;
ET;29,37;;19662.05057;4.293628809;2;ET8;90;GMM;19/10/2020;
SNC2;No Cq;;0;0;NA;neg2_BO90;90;GMM;25/11/2020;
FNC2;No Cq;;0;0;NA;neg2_F4;90;GMM;19/10/2020;
SNC2;No Cq;;0;0;NA;neg2_SM90;90;GMM;25/11/2020;
ET;28,54;;33384.56382;4.523545706;1;ET7;90;GMM;19/10/2020;
SNC2;No Cq;;0;0;NA;neg2_ET90;90;GMM;25/11/2020;
SI;30,69;;8471.841839;3.927977839;3;SI9;90;GMM;19/10/2020;
SP;30,97;;7086.234376;3.850415512;2;SM8;90;GMM;19/10/2020;
FO;28,92;;26198.86931;4.418282548;2;BO8;90;GMM;19/10/2020;
ET;28,13;;43362.97933;4.637119114;3;ET9;90;GMM;19/10/2020;
FI;28,17;;42270.6359;4.626038781;2;FI8;90;GMM;19/10/2020;
FO;28,96;;25538.90167;4.407202216;2;BO8;90;GMM;19/10/2020;
SI;29;;24895.55908;4.396121884;2;SI8;90;GMM;19/10/2020;
FO;28,83;;27746.82509;4.443213296;3;BO9;90;GMM;19/10/2020;
SP;30,63;;8802.344019;3.944598338;2;SM8;90;GMM;19/10/2020;
FO;27,87;;51184.83106;4.709141274;1;BO7;90;GMM;19/10/2020;
SP;30,69;;8471.841839;3.927977839;3;SM9;90;GMM;19/10/2020;
SI;28,35;;37685.76063;4.576177285;1;SI7;90;GMM;19/10/2020;
ET;28,22;;40943.8206;4.612188366;1;ET7;90;GMM;19/10/2020;
SNC2;No Cq;;0;0;NA;neg2_ET90;90;GMM;25/11/2020;
FO;29,19;;22054.14902;4.343490305;3;BO3;7;GMM;25/11/2020;
SP;30,53;;9382.080803;3.972299169;1;SM1;7;GMM;25/11/2020;
SI;29,36;;19787.86287;4.296398892;2;SI2;7;GMM;25/11/2020;
QNC2;No Cq;;0;0;NA;neg2_q;0;GMM;25/11/2020;
FO;30,58;;9087.590596;3.958448753;2;BO2;7;GMM;25/11/2020;
FE;29,61;;16871.23266;4.227146814;1;TEM1;0;GMM;25/11/2020;
FO;30,05;;12742.74986;4.105263158;3;BO9;90;GMM;25/11/2020;
FE;28,65;;31122.52269;4.493074792;2;TEM2;0;GMM;25/11/2020;
ET;29,12;;23061.14606;4.362880886;2;ET5;30;GMM;25/11/2020;
SI;32,09;;3468.695724;3.540166205;3;SI9;90;GMM;25/11/2020;
FI;29,93;;13756.37972;4.138504155;1;FI7;90;GMM;25/11/2020;
FO;29,56;;17417.95764;4.24099723;3;BO3;7;GMM;25/11/2020;
FI;29,66;;16341.6686;4.213296399;3;FI3;7;GMM;25/11/2020;
SI;29,89;;14111.86742;4.149584488;3;SI3;7;GMM;25/11/2020;
FI;29,11;;23208.70827;4.36565097;1;FI1;7;GMM;25/11/2020;
FI;29,57;;17307.21333;4.238227147;3;FI3;7;GMM;25/11/2020;
SP;31,41;;5352.194112;3.728531856;3;SM3;7;GMM;25/11/2020;
FO;31,14;;6358.052354;3.8033241;1;BO4;30;GMM;25/11/2020;
SI;30,5;;9563.336081;3.980609418;2;SI8;90;GMM;25/11/2020;
FE;29,41;;19166.74992;4.282548476;1;TEM1;0;GMM;25/11/2020;
FE;29,22;;21636.15357;4.335180055;3;TEM3;0;GMM;25/11/2020;
SP;31,96;;3768.576063;3.576177285;2;SM5;30;GMM;25/11/2020;
FO;30,56;;9204.260882;3.96398892;2;BO8;90;GMM;25/11/2020;
SP;30,81;;7847.599704;3.894736842;1;SM1;7;GMM;25/11/2020;
SI;29,29;;20691.38081;4.315789474;2;SI2;7;GMM;25/11/2020;
ET;29,25;;21226.08046;4.326869806;2;ET2;7;GMM;25/11/2020;
ET;28,99;;25054.85922;4.398891967;2;ET2;7;GMM;25/11/2020;
SI;30,11;;12264.297;4.088642659;1;SI1;7;GMM;25/11/2020;
SI;30,24;;11288.37892;4.052631579;3;SI3;7;GMM;25/11/2020;
SP;32,17;;3296.139169;3.51800554;1;SM4;30;GMM;25/11/2020;
SI;31,6;;4741.33102;3.675900277;3;SI9;90;GMM;25/11/2020;
SP;31,46;;5184.196332;3.71468144;2;SM5;30;GMM;25/11/2020;
SI;30,37;;10390.11845;4.016620499;2;SI8;90;GMM;25/11/2020;
FO;29,67;;16237.76739;4.210526316;1;BO7;90;GMM;25/11/2020;
ET;29,68;;16134.5268;4.207756233;2;ET5;30;GMM;25/11/2020;
FI;29,84;;14569.17309;4.163434903;1;FI1;7;GMM;25/11/2020;
FI;29,64;;16551.46977;4.218836565;2;FI2;7;GMM;25/11/2020;
FO;29,97;;13409.847;4.127423823;1;BO1;7;GMM;25/11/2020;
ET;29,51;;17982.39965;4.254847645;3;ET3;7;GMM;25/11/2020;
SP;30,94;;7223.135497;3.858725762;3;SM3;7;GMM;25/11/2020;
ET;29,56;;17417.95764;4.24099723;3;ET3;7;GMM;25/11/2020;
ET;29,27;;20957.02541;4.32132964;1;ET4;30;GMM;25/11/2020;
FE;28,95;;25702.31839;4.409972299;2;TEM2;0;GMM;25/11/2020;
SI;29,71;;15828.7268;4.199445983;1;SI4;30;GMM;25/11/2020;
FO;30,71;;8364.455464;3.922437673;1;BO4;30;GMM;25/11/2020;
FE;29,68;;16134.5268;4.207756233;1;TEM1;0;GMM;25/11/2020;
FI;30,98;;7041.179719;3.847645429;3;FI9;90;GMM;25/11/2020;
FO;29,3;;20559.8239;4.313019391;3;BO3;7;GMM;25/11/2020;
SP;30,37;;10390.11845;4.016620499;1;SM1;7;GMM;25/11/2020;
FI;29,25;;21226.08046;4.326869806;2;FI2;7;GMM;25/11/2020;
SP;30,6;;8972.399185;3.952908587;2;SM2;7;GMM;25/11/2020;
FI;29,44;;18803.47977;4.274238227;2;FI2;7;GMM;25/11/2020;
SI;30,05;;12742.74986;4.105263158;1;SI1;7;GMM;25/11/2020;
FI;27,49;;65223.54987;4.814404432;3;FI6;30;GMM;25/11/2020;
SP;31,9;;3915.595168;3.592797784;1;SM4;30;GMM;25/11/2020;
SP;32,77;;2248.021984;3.351800554;3;SM9;90;GMM;25/11/2020;
ET;29,24;;21361.90057;4.329639889;1;ET4;30;GMM;25/11/2020;
FO;29,73;;15628.08689;4.193905817;1;BO7;90;GMM;25/11/2020;
SI;30,88;;7504.923339;3.87534626;2;SI8;90;GMM;25/11/2020;
FI;29,7;;15930.01066;4.202216066;3;FI3;7;GMM;25/11/2020;
FO;30,54;;9322.429031;3.969529086;1;BO1;7;GMM;25/11/2020;
ET;29,07;;23808.45984;4.376731302;1;ET1;7;GMM;25/11/2020;
FI;29,43;;18923.79829;4.27700831;1;FI1;7;GMM;25/11/2020;
ET;29,41;;19166.74992;4.282548476;2;ET2;7;GMM;25/11/2020;
ET;29,29;;20691.38081;4.315789474;1;ET1;7;GMM;25/11/2020;
SI;29,49;;18213.26521;4.260387812;1;SI4;30;GMM;25/11/2020;
FI;30,09;;12421.75118;4.094182825;3;FI9;90;GMM;25/11/2020;
ET;29,29;;20691.38081;4.315789474;2;ET8;90;GMM;25/11/2020;
SP;32,26;;3112.252269;3.493074792;2;SM8;90;GMM;25/11/2020;
SI;29,58;;17197.17314;4.235457064;1;SI4;30;GMM;25/11/2020;
FO;31,03;;6820.167076;3.833795014;1;BO4;30;GMM;25/11/2020;
ET;29,81;;14850.63939;4.171745152;1;ET1;7;GMM;25/11/2020;
ET;29,69;;16031.94261;4.20498615;3;ET3;7;GMM;25/11/2020;
SI;30,03;;12906.34661;4.110803324;3;SI3;7;GMM;25/11/2020;
SP;30,11;;12264.297;4.088642659;2;SM2;7;GMM;25/11/2020;
FO;30,04;;12824.28736;4.108033241;2;BO2;7;GMM;25/11/2020;
FI;29,5;;18097.4643;4.257617729;2;FI8;90;GMM;25/11/2020;
SP;32,28;;3072.802348;3.487534626;1;SM4;30;GMM;25/11/2020;
FO;29,63;;16657.37827;4.221606648;3;BO9;90;GMM;25/11/2020;
ET;28,78;;28645.98182;4.457063712;3;ET9;90;GMM;25/11/2020;
ET;28,64;;31321.66753;4.495844875;1;ET4;30;GMM;25/11/2020;
SI;32;;3673.643026;3.565096953;3;SI9;90;GMM;25/11/2020;
SI;29,38;;19537.0382;4.290858726;2;SI2;7;GMM;25/11/2020;
SI;29,63;;16657.37827;4.221606648;1;SI1;7;GMM;25/11/2020;
SP;29,88;;14202.16555;4.152354571;2;SM2;7;GMM;25/11/2020;
FO;29,52;;17868.06659;4.252077562;1;BO1;7;GMM;25/11/2020;
SP;30,93;;7269.354442;3.861495845;3;SM3;7;GMM;25/11/2020;
FO;29,67;;16237.76739;4.210526316;2;BO2;7;GMM;25/11/2020;
ET;28,41;;36270.77094;4.559556787;3;ET9;90;GMM;25/11/2020;
SP;32,31;;3014.563085;3.479224377;2;SM8;90;GMM;25/11/2020;
FI;29,37;;19662.05057;4.293628809;3;FI9;90;GMM;25/11/2020;
FI;27,34;;71772.10415;4.855955679;2;FI5;30;GMM;25/11/2020;
FI;27,22;;77481.26023;4.889196676;3;FI6;30;GMM;25/11/2020;
FO;30,75;;8153.749046;3.911357341;3;BO6;30;GMM;25/11/2020;
SP;31,47;;5151.234934;3.711911357;3;SM6;30;GMM;25/11/2020;
SP;31,89;;3940.650032;3.595567867;2;SM5;30;GMM;25/11/2020;
QNC2;No Cq;;0;0;NA;neg2_q;0;GMM;25/11/2020;
ET;29,75;;15429.99023;4.188365651;2;ET8;90;GMM;25/11/2020;
SP;31,36;;5525.635987;3.742382271;3;SM6;30;GMM;25/11/2020;
FO;31,49;;5085.939517;3.706371191;2;BO5;30;GMM;25/11/2020;
SI;30,16;;11879.33812;4.074792244;2;SI5;30;GMM;25/11/2020;
FI;29,56;;17417.95764;4.24099723;1;FI4;30;GMM;25/11/2020;
FI;29,31;;20429.10344;4.310249307;2;FI8;90;GMM;25/11/2020;
FI;28,11;;43919.69139;4.64265928;2;FI5;30;GMM;25/11/2020;
ET;30,08;;12501.23469;4.096952909;1;ET7;90;GMM;25/11/2020;
FE;29,13;;22914.52206;4.360110803;2;TEM2;0;GMM;25/11/2020;
SP;32,96;;1991.44802;3.299168975;1;SM7;90;GMM;25/11/2020;
ET;29,37;;19662.05057;4.293628809;2;ET5;30;GMM;25/11/2020;
SI;29,27;;20957.02541;4.32132964;2;SI5;30;GMM;25/11/2020;
SI;29,97;;13409.847;4.127423823;3;SI6;30;GMM;25/11/2020;
FO;30,97;;7086.234376;3.850415512;3;BO6;30;GMM;25/11/2020;
FO;30,86;;7601.274682;3.880886427;3;BO6;30;GMM;25/11/2020;
FE;30,2;;11580.08938;4.063711911;3;TEM3;0;GMM;25/11/2020;
SP;32,99;;1953.70382;3.290858726;3;SM9;90;GMM;25/11/2020;
FE;29,79;;15041.2981;4.177285319;3;TEM3;0;GMM;25/11/2020;
FO;30,22;;11433.30384;4.058171745;2;BO5;30;GMM;25/11/2020;
FI;27,99;;47413.3102;4.675900277;2;FI5;30;GMM;25/11/2020;
SI;30,1;;12342.77302;4.091412742;3;SI6;30;GMM;25/11/2020;
ET;29,52;;17868.06659;4.252077562;3;ET6;30;GMM;25/11/2020;
FI;29,74;;15528.72268;4.191135734;1;FI4;30;GMM;25/11/2020;
SI;30,07;;12581.22681;4.099722992;2;SI5;30;GMM;25/11/2020;
FI;27,21;;77977.04244;4.891966759;3;FI6;30;GMM;25/11/2020;
SP;32,49;;2687.589161;3.429362881;2;SM8;90;GMM;25/11/2020;
FO;30,3;;10864.53342;4.03601108;3;BO9;90;GMM;25/11/2020;
FI;29,78;;15137.54341;4.180055402;2;FI8;90;GMM;25/11/2020;
SI;30,14;;12031.85003;4.08033241;1;SI7;90;GMM;25/11/2020;
FO;29,34;;20041.90772;4.301939058;1;BO7;90;GMM;25/11/2020;
SP;32,27;;3092.464402;3.490304709;1;SM7;90;GMM;25/11/2020;
FI;29,67;;16237.76739;4.210526316;1;FI4;30;GMM;25/11/2020;
ET;29,55;;17529.41057;4.243767313;2;ET8;90;GMM;25/11/2020;
ET;29,69;;16031.94261;4.20498615;1;ET7;90;GMM;25/11/2020;
FO;31,1;;6522.354987;3.814404432;2;BO5;30;GMM;25/11/2020;
SP;32,11;;3424.727639;3.534626039;3;SM9;90;GMM;25/11/2020;
FO;30,55;;9263.156528;3.966759003;2;BO8;90;GMM;25/11/2020;
SI;30,05;;12742.74986;4.105263158;1;SI7;90;GMM;25/11/2020;
SI;30,39;;10258.41661;4.011080332;3;SI6;30;GMM;25/11/2020;
SP;30,73;;8258.430284;3.916897507;3;SM6;30;GMM;25/11/2020;
ET;28,99;;25054.85922;4.398891967;3;ET6;30;GMM;25/11/2020;
SI;29,81;;14850.63939;4.171745152;1;SI7;90;GMM;25/11/2020;
FO;30,5;;9563.336081;3.980609418;2;BO8;90;GMM;25/11/2020;
ET;29,14;;22768.8303;4.35734072;3;ET9;90;GMM;25/11/2020;
ET;29,34;;20041.90772;4.301939058;3;ET6;30;GMM;25/11/2020;
ET;28,88;;26875.89161;4.429362881;1;ET7;90;GMM;25/11/2020;
FI;29,74;;15528.72268;4.191135734;1;FI7;90;GMM;25/11/2020;
SP;31,5;;5053.602841;3.703601108;1;SM7;90;GMM;25/11/2020;
FI;28,71;;29953.96332;4.476454294;1;FI7;90;GMM;25/11/2020;
PW_c;;;6606.7442272;3.81998749390294;1;PW1_c;;GMM;;
PW_c;;;3296.4647472;3.51804843570588;1;PW1_c;;GMM;;
PW_c;;;2620.145712;3.41832544405177;2;PW2_c;;GMM;;
PW_c;;;1929.129824;3.28536145519682;1;PW1_c;;GMM;;
PW_c;;;3446.9820152;3.53743901746081;2;PW2_c;;GMM;;
PW_c;;;1764.3319216;3.24658029177024;3;PW3_c;;GMM;;
PWZ_c;;;3381.650872;3.52912876819649;1;PWZ_1_c;;GMM;;
PW_c;;;4364.4758248;3.63993209224169;2;PW2_c;;GMM;;
PWZ_c;;;2537.9030552;3.40447502855624;1;PWZ_1_c;;GMM;;
PWZ_c;;;3768.9483064;3.57622018085656;2;PWZ_2_c;;GMM;;
PW_c;;;1966.3992704;3.29367170440461;3;PW3_c;;GMM;;
PWZ_c;;;2957.7197616;3.47095702302252;2;PWZ_2_c;;GMM;;
PWZ_c;;;4173.8949128;3.62054151052589;2;PWZ_2_c;;GMM;;
PW_c;;;2365.942112;3.37400411444807;3;PW3_c;;GMM;;
PWZ_c;;;2901.6616752;3.46264677365673;1;PWZ_1_c;;GMM;;
PWZ_c;;;362.74353608;2.55959968225437;3;PWZ_3_c;;GMM;;
PWZ_c;;;420.06025688;2.62331159362035;3;PWZ_3_c;;GMM;;
PWZ_c;;;439.24029584;2.64270217538146;3;PWZ_3_c;;GMM;;
FNC3;No Cq;;0;0;NA;neg3_F;;GMM;29/07/2020;
FNC3;No Cq;;0;0;NA;neg3_F;;GMM;29/07/2020;
FNC3;No Cq;;0;0;NA;neg3_F;;GMM;29/07/2020;
